"Group","Level","Effect","Multiplier"
"OpponentPlayer","MONSTER",0.226637882967373,1.25437555493425
"OpponentPlayer","ANVIL",0.207177836483629,1.230201327007
"OpponentPlayer","STEEL",0.206368027449701,1.22920550212725
"OpponentPlayer","INVENTOR",0.204639457168532,1.22708256937466
"OpponentPlayer","AERO",0.195729120052357,1.21619741721777
"OpponentPlayer","SORCERER",0.195309866119262,1.2156876285401
"OpponentPlayer","FRACTURE",0.192476147754445,1.21224758853544
"OpponentPlayer","RICOCHET",0.175371091815083,1.19168836036598
"OpponentPlayer","ROMAN",0.174430696403371,1.19056822886551
"OpponentPlayer","GENIUS",0.170294866550416,1.18565440960706
"OpponentPlayer","SUMMIT",0.165569548002354,1.18006503103114
"OpponentPlayer","DREAD",0.162047742995984,1.17591638175192
"OpponentPlayer","PARADOX",0.160313000562243,1.17387823804428
"OpponentPlayer","NEON",0.157583784158201,1.17067883821383
"OpponentPlayer","TOMBSTONE",0.141229372092197,1.1516887829567
"OpponentPlayer","PRISMATIC",0.137469767440054,1.14736701760558
"OpponentPlayer","SENTINEL",0.13198498308652,1.141091183471
"OpponentPlayer","MIMIC",0.118420822122476,1.12571773863202
"OpponentPlayer","OCTANE",0.114347135094454,1.12114124481357
"OpponentPlayer","PURSUIT",0.10553478258153,1.11130475789896
"OpponentPlayer","MARVEL",0.104725438385134,1.110405693718
"OpponentPlayer","ENFORCER",0.0972877017524933,1.10217742638764
"OpponentPlayer","DESTINY",0.0938621690920982,1.0984083408644
"OpponentPlayer","MINDFLAYER",0.0935781843183899,1.09809645390795
"OpponentPlayer","CLOCKWORK",0.0865769896115249,1.09043531667756
"OpponentPlayer","NIRVANA",0.0778699529980718,1.0809820710513
"OpponentPlayer","UNICORN",0.0699969643794846,1.07250492553132
"OpponentPlayer","LUNA",0.067446731194437,1.06977327253565
"OpponentPlayer","KRAKEN",0.0616093193915644,1.06354675645827
"OpponentPlayer","MERCURY",0.0600988010881926,1.06194146233445
"OpponentPlayer","OVERDRIVE",0.0585375652890895,1.06028481485208
"OpponentPlayer","SEEKER",0.0549819147098028,1.05652150700466
"OpponentPlayer","MISSILE",0.0534913969496625,1.05494791595853
"OpponentPlayer","RELIC",0.0496508361817918,1.05090409462164
"OpponentPlayer","ROCKET",0.0437096893862276,1.04467902945104
"OpponentPlayer","ORIGINAL",0.0428972169975088,1.04383060129344
"OpponentPlayer","SCHOLAR",0.0428725657713665,1.04380486990639
"OpponentPlayer","IMPERIAL",0.0412456082711067,1.04210802446649
"OpponentPlayer","DAME",0.0256171983695413,1.02594813867387
"OpponentPlayer","LEO",0.019822174510118,1.02001993835309
"OpponentPlayer","MAVERICK",0.0129709593987549,1.01305544719334
"OpponentPlayer","EMBER",0.0126201230631827,1.01270009287176
"OpponentPlayer","ASTRONAUT",0.0117903440633857,1.01186012414401
"OpponentPlayer","SPLINTER",0.00924254226222684,1.00928538645064
"OpponentPlayer","AVATAR",0.00292158813475273,1.00292586013269
"OpponentPlayer","SABRE",0.00228802764411377,1.00229064717684
"OpponentPlayer","MIDAS",0.00212659130449869,1.00212885410352
"OpponentPlayer","HURRICANE",-0.000884439638742132,0.999115951362714
"OpponentPlayer","MEMENTO",-0.00270696865710735,0.997296691878818
"OpponentPlayer","REGRET",-0.00416575025516768,0.99584291444659
"OpponentPlayer","PSYCHIC",-0.00521237389545727,0.99480118695372
"OpponentPlayer","GADGET",-0.011300191189053,0.988763416154239
"OpponentPlayer","IDOL",-0.0126584374473074,0.987421343582798
"OpponentPlayer","SHROUD",-0.016426796079357,0.983707387992551
"OpponentPlayer","SPARK",-0.0177939901374946,0.982363388060455
"OpponentPlayer","SHURIKEN",-0.0208773261789061,0.9793390964699
"OpponentPlayer","PRECISION",-0.0216363333990962,0.978596053047998
"OpponentPlayer","PHOENIX",-0.0242809663117812,0.976011444894192
"OpponentPlayer","MIRAGE",-0.0272033680724647,0.973163311051888
"OpponentPlayer","VALIANT",-0.0336583268835532,0.96690181256122
"OpponentPlayer","BLAZE",-0.0377020745702021,0.962999800287119
"OpponentPlayer","LAZARUS",-0.038194295046718,0.962525908705675
"OpponentPlayer","HERMES",-0.0474891437748938,0.953620825798782
"OpponentPlayer","CRYSTAL",-0.0499577979148796,0.951269569212945
"OpponentPlayer","PATHFINDER",-0.0513918801437203,0.949906348148084
"OpponentPlayer","METEOR",-0.0607696190895858,0.941040012459713
"OpponentPlayer","LEGEND",-0.0651839165193514,0.936895137038458
"OpponentPlayer","OFFICER",-0.0739813305975973,0.928689031748683
"OpponentPlayer","SAGE",-0.0748514025167618,0.92788135691907
"OpponentPlayer","SHARK",-0.0917655572645656,0.912319011039511
"OpponentPlayer","SENTRY",-0.100918868938987,0.904006372906943
"OpponentPlayer","KATANA",-0.109282420355022,0.896477198334172
"OpponentPlayer","LIZARD",-0.110496149752463,0.895389777655135
"OpponentPlayer","JUDGEMENT",-0.110673150906821,0.895231306656079
"OpponentPlayer","LYNX",-0.111459959110499,0.894527208351297
"OpponentPlayer","ACE",-0.112590382253251,0.893516585416552
"OpponentPlayer","HEADHUNTER",-0.113252113335114,0.892925513306784
"OpponentPlayer","NIGHTMARE",-0.128492675947438,0.879420003313157
"OpponentPlayer","KEVLAR",-0.132707293219956,0.875721384184308
"OpponentPlayer","PINNACLE",-0.13723467436708,0.871765621079899
"OpponentPlayer","DON",-0.144614462317417,0.865355856097429
"OpponentPlayer","STRIDER",-0.145938217469915,0.864211094683252
"OpponentPlayer","FUSE",-0.195034506319234,0.822806265550494
"OpponentPlayer","FENRIR",-0.215233942921687,0.806352777585349
"OpponentPlayer","WARRIOR",-0.233647438169088,0.791640869055166
"OpponentPlayer","MERCENARY",-0.243500611005485,0.78387899707776
"OpponentPlayer","CLASH",-0.246914965477939,0.781207120281157
"OpponentPlayer","KILLJOY",-0.306359162728269,0.73612218431926
"OpponentPlayer","MERLIN",-0.30932607525179,0.733941410873486
"OpponentTeam","Detroit Lions",0.0339210157122232,1.03450289402686
"OpponentTeam","Washington Commanders",0.0265862916378518,1.02694286001973
"OpponentTeam","Kansas City Chiefs",0.00949062067103455,1.00953579942309
"OpponentTeam","San Francisco 49ers",0.00365644209355352,1.00366313503291
"OpponentTeam","Buffalo Bills",0.00351519033000578,1.00352137585718
"OpponentTeam","Cincinnati Bengals",0.00027047502352716,1.00027051160519
"OpponentTeam","Philadelphia Eagles",-0.0106927924721503,0.989364172215292
"OpponentTeam","Minnesota Vikings",-0.0154361855869057,0.984682341672543
"OpponentTeam","Denver Broncos",-0.0171760397693129,0.982970627480383
"OpponentTeam","Baltimore Ravens",-0.017741325011007,0.982415125714917
"Player","MERLIN",0.383666714072058,1.46765621099748
"Player","FUSE",0.351301624786339,1.42091584472107
"Player","FENRIR",0.304534258496317,1.35599331355081
"Player","KILLJOY",0.299028333657595,1.34854783222414
"Player","PINNACLE",0.282186695492815,1.32602626000487
"Player","OFFICER",0.257168487597222,1.29326300718042
"Player","NIGHTMARE",0.256878630116182,1.29288819954586
"Player","LIZARD",0.232358774433623,1.26157226751957
"Player","AVATAR",0.210136443603002,1.23384639892031
"Player","SABRE",0.191652091239012,1.21124903949872
"Player","LEO",0.184778441993131,1.20295188697786
"Player","MERCENARY",0.184340378129562,1.20242503263291
"Player","KEVLAR",0.167845112283025,1.18275340248558
"Player","MEMENTO",0.159881853822914,1.17337223335855
"Player","SENTRY",0.147943506619521,1.15944739341001
"Player","PURSUIT",0.142070337756367,1.1526577210437
"Player","CLASH",0.138694899170279,1.14877355476578
"Player","GADGET",0.136816875566032,1.14661815549286
"Player","RELIC",0.132823832617743,1.1420487888626
"Player","OVERDRIVE",0.132215295953938,1.1413540217198
"Player","PATHFINDER",0.123416711092274,1.1313557712314
"Player","HEADHUNTER",0.121449319380815,1.12913213935907
"Player","LEGEND",0.11416552768703,1.12093765574594
"Player","PRECISION",0.113655738980985,1.12036636002129
"Player","STRIDER",0.106024293187022,1.11184888653139
"Player","ASTRONAUT",0.102777671309213,1.10824498702664
"Player","LAZARUS",0.0962484038967128,1.10103253079852
"Player","LYNX",0.0907527612972371,1.09499824584291
"Player","ROMAN",0.0835029456508532,1.08708841747109
"Player","ACE",0.0824240218973766,1.08591616445487
"Player","PRISMATIC",0.0821319411223736,1.08559903553586
"Player","REGRET",0.0764735935132901,1.07947368485329
"Player","WARRIOR",0.0749676494813156,1.0778492813373
"Player","HERMES",0.0684932972505212,1.07089344699643
"Player","STEEL",0.0632058549121678,1.06524610280522
"Player","IMPERIAL",0.0606678461041819,1.0625459267983
"Player","SHROUD",0.0497584377150759,1.0510171795975
"Player","JUDGEMENT",0.0495639163017813,1.05081275413354
"Player","MIRAGE",0.0439999157657061,1.0449822668651
"Player","METEOR",0.031691150770447,1.03219866230885
"Player","MIDAS",0.0304627023606878,1.03093143802277
"Player","SCHOLAR",0.022191377745058,1.02243943790207
"Player","OCTANE",0.021142820563806,1.02136791356251
"Player","SPLINTER",0.00459375401781383,1.00460432148105
"Player","HURRICANE",0.00355022586131019,1.00355653537767
"Player","ROCKET",0.000179579517995917,1.00017959564336
"Player","SHARK",-0.000335802383111613,0.999664253992198
"Player","LUNA",-0.0095116858320663,0.990533407168215
"Player","SORCERER",-0.0133646194995545,0.986724290504109
"Player","MISSILE",-0.0140537331890699,0.986044559520607
"Player","MAVERICK",-0.017295189990053,0.982853513290367
"Player","NIRVANA",-0.0176711780999743,0.982484041518424
"Player","KATANA",-0.0195635555758993,0.980626568921766
"Player","PHOENIX",-0.0208025409790033,0.979412339278707
"Player","IDOL",-0.0208118409189436,0.979403230845129
"Player","KRAKEN",-0.0392438792659929,0.961516186688097
"Player","SPARK",-0.0490761002734814,0.952108671211221
"Player","MIMIC",-0.0564181552016266,0.945143836436404
"Player","SHURIKEN",-0.060229301830542,0.94154861000954
"Player","CLOCKWORK",-0.0623328939430447,0.939570057543275
"Player","GENIUS",-0.068829887493803,0.933485464124044
"Player","SAGE",-0.0697461905756895,0.932630500279193
"Player","MERCURY",-0.0769540297550998,0.925932417968156
"Player","CRYSTAL",-0.0795504955056399,0.923531384606938
"Player","MONSTER",-0.0944739561193824,0.909851430379497
"Player","VALIANT",-0.0966543390398063,0.907869767038106
"Player","DREAD",-0.0974200032393488,0.907174909707275
"Player","DAME",-0.0984055234961544,0.906281310859501
"Player","DON",-0.100775495739203,0.904135992485017
"Player","SUMMIT",-0.117860201482271,0.88882029969006
"Player","AERO",-0.129866386966654,0.878212763753077
"Player","PSYCHIC",-0.135080265809592,0.873645784987455
"Player","PARADOX",-0.135781879634459,0.873033038007684
"Player","MINDFLAYER",-0.138768761928531,0.870429281577085
"Player","INVENTOR",-0.152668665017327,0.858414097317077
"Player","UNICORN",-0.154724371362165,0.856651262566815
"Player","TOMBSTONE",-0.156128808483514,0.855448994186405
"Player","RICOCHET",-0.161512000036325,0.85085632109735
"Player","ORIGINAL",-0.164952896195665,0.847933644047705
"Player","ENFORCER",-0.171812911471483,0.842136712549496
"Player","EMBER",-0.181275228459717,0.834205729938917
"Player","FRACTURE",-0.183210825082169,0.832592605828042
"Player","ANVIL",-0.201971090378307,0.817118550188944
"Player","SENTINEL",-0.207907309969978,0.812282323695678
"Player","BLAZE",-0.224040071279497,0.799283105430935
"Player","SEEKER",-0.24669286385329,0.78138064692132
"Player","DESTINY",-0.307665035839948,0.735161529534991
"Player","NEON",-0.308793025765913,0.734332742255446
"Player","MARVEL",-0.324891547686217,0.722605717654649
"Stream","1",0,1
"Stream","2",0,1
"Stream","3",0,1
"Team","Buffalo Bills",0.0780982395088773,1.08122887284624
"Team","Detroit Lions",0.0563228441203621,1.05793917805226
"Team","Philadelphia Eagles",0.0447294474270423,1.04574489266032
"Team","Baltimore Ravens",0.00716713463591194,1.00719288001547
"Team","Cincinnati Bengals",0.00357460827731117,1.00358100480891
"Team","Kansas City Chiefs",-0.00339225014660662,0.996613497033461
"Team","Denver Broncos",-0.015291947459852,0.984824380652721
"Team","San Francisco 49ers",-0.0277411192593634,0.972640132009006
"Team","Washington Commanders",-0.0318678858432982,0.968634543962151
"Team","Minnesota Vikings",-0.043780687331957,0.957163852614145
