"Player","Matches","LastMatch","GlobalAttack","GlobalDefence","AttackModelRows","AttackIntercept","AttackSdObs","DefenceModelRows","DefenceIntercept","DefenceSdObs","NetRating"
"MERLIN",341,"2026-09-16 14:49:00",0.383666714072058,-0.30932607525179,NA,NA,NA,NA,NA,NA,0.692992789323848
"KILLJOY",707,"2026-09-16 17:49:00",0.299028333657595,-0.306359162728269,NA,NA,NA,NA,NA,NA,0.605387496385864
"FUSE",886,"2026-09-16 17:49:00",0.351301624786339,-0.195034506319234,NA,NA,NA,NA,NA,NA,0.546336131105574
"FENRIR",972,"2026-09-13 14:13:00",0.304534258496317,-0.215233942921687,NA,NA,NA,NA,NA,NA,0.519768201418004
"MERCENARY",703,"2026-09-08 05:13:00",0.184340378129562,-0.243500611005485,NA,NA,NA,NA,NA,NA,0.427840989135047
"PINNACLE",550,"2026-09-15 05:49:00",0.282186695492815,-0.13723467436708,NA,NA,NA,NA,NA,NA,0.419421369859895
"CLASH",622,"2026-09-15 05:49:00",0.138694899170279,-0.246914965477939,NA,NA,NA,NA,NA,NA,0.385609864648218
"NIGHTMARE",1252,"2026-09-16 15:25:00",0.256878630116182,-0.128492675947438,NA,NA,NA,NA,NA,NA,0.38537130606362
"LIZARD",752,"2026-09-13 17:13:00",0.232358774433623,-0.110496149752463,NA,NA,NA,NA,NA,NA,0.342854924186086
"OFFICER",740,"2026-09-12 05:49:00",0.257168487597222,-0.0739813305975973,NA,NA,NA,NA,NA,NA,0.33114981819482
"WARRIOR",138,"2026-09-07 05:13:00",0.0749676494813156,-0.233647438169088,NA,NA,NA,NA,NA,NA,0.308615087650404
"KEVLAR",565,"2026-09-14 02:49:00",0.167845112283025,-0.132707293219956,NA,NA,NA,NA,NA,NA,0.300552405502981
"STRIDER",77,"2026-09-07 04:01:00",0.106024293187022,-0.145938217469915,NA,NA,NA,NA,NA,NA,0.251962510656936
"SENTRY",556,"2026-09-14 04:01:00",0.147943506619521,-0.100918868938987,NA,NA,NA,NA,NA,NA,0.248862375558508
"HEADHUNTER",1186,"2026-09-13 17:13:00",0.121449319380815,-0.113252113335114,NA,NA,NA,NA,NA,NA,0.234701432715929
"AVATAR",1012,"2026-09-16 05:13:00",0.210136443603002,0.00292158813475273,NA,NA,NA,NA,NA,NA,0.207214855468249
"LYNX",721,"2026-09-16 05:49:00",0.0907527612972371,-0.111459959110499,NA,NA,NA,NA,NA,NA,0.202212720407736
"ACE",347,"2026-09-16 23:49:00",0.0824240218973766,-0.112590382253251,NA,NA,NA,NA,NA,NA,0.195014404150628
"SABRE",458,"2026-09-11 05:59:00",0.191652091239012,0.00228802764411377,NA,NA,NA,NA,NA,NA,0.189364063594899
"LEGEND",1057,"2026-09-15 05:13:00",0.11416552768703,-0.0651839165193514,NA,NA,NA,NA,NA,NA,0.179349444206381
"PATHFINDER",655,"2026-08-29 05:13:00",0.123416711092274,-0.0513918801437203,NA,NA,NA,NA,NA,NA,0.174808591235994
"LEO",798,"2026-09-15 05:59:00",0.184778441993131,0.019822174510118,NA,NA,NA,NA,NA,NA,0.164956267483013
"MEMENTO",1204,"2026-09-15 05:13:00",0.159881853822914,-0.00270696865710735,NA,NA,NA,NA,NA,NA,0.162588822480021
"JUDGEMENT",674,"2026-09-16 05:49:00",0.0495639163017813,-0.110673150906821,NA,NA,NA,NA,NA,NA,0.160237067208602
"GADGET",1164,"2026-09-12 17:13:00",0.136816875566032,-0.011300191189053,NA,NA,NA,NA,NA,NA,0.148117066755085
"PRECISION",1115,"2026-09-16 05:13:00",0.113655738980985,-0.0216363333990962,NA,NA,NA,NA,NA,NA,0.135292072380081
"LAZARUS",1161,"2026-08-31 05:23:00",0.0962484038967128,-0.038194295046718,NA,NA,NA,NA,NA,NA,0.134442698943431
"HERMES",1067,"2026-09-15 04:11:00",0.0684932972505212,-0.0474891437748938,NA,NA,NA,NA,NA,NA,0.115982441025415
"METEOR",639,"2026-09-12 05:59:00",0.031691150770447,-0.0607696190895858,NA,NA,NA,NA,NA,NA,0.0924607698600328
"SHARK",218,"2026-09-07 05:13:00",-0.000335802383111613,-0.0917655572645656,NA,NA,NA,NA,NA,NA,0.091429754881454
"ASTRONAUT",540,"2026-09-16 22:37:00",0.102777671309213,0.0117903440633857,NA,NA,NA,NA,NA,NA,0.0909873272458272
"KATANA",278,"2026-09-09 05:59:00",-0.0195635555758993,-0.109282420355022,NA,NA,NA,NA,NA,NA,0.0897188647791231
"RELIC",308,"2026-09-12 05:23:00",0.132823832617743,0.0496508361817918,NA,NA,NA,NA,NA,NA,0.0831729964359511
"REGRET",973,"2026-09-12 17:49:00",0.0764735935132901,-0.00416575025516768,NA,NA,NA,NA,NA,NA,0.0806393437684577
"OVERDRIVE",714,"2026-09-16 23:49:00",0.132215295953938,0.0585375652890895,NA,NA,NA,NA,NA,NA,0.0736777306648481
"MIRAGE",362,"2026-09-16 16:47:00",0.0439999157657061,-0.0272033680724647,NA,NA,NA,NA,NA,NA,0.0712032838381708
"SHROUD",580,"2026-09-16 05:59:00",0.0497584377150759,-0.016426796079357,NA,NA,NA,NA,NA,NA,0.0661852337944329
"DON",105,"2026-08-20 05:49:00",-0.100775495739203,-0.144614462317417,NA,NA,NA,NA,NA,NA,0.0438389665782132
"PURSUIT",410,"2026-09-15 17:23:00",0.142070337756367,0.10553478258153,NA,NA,NA,NA,NA,NA,0.0365355551748363
"MIDAS",74,"2026-09-16 23:23:00",0.0304627023606878,0.00212659130449869,NA,NA,NA,NA,NA,NA,0.0283361110561891
"IMPERIAL",314,"2026-09-14 02:59:00",0.0606678461041819,0.0412456082711067,NA,NA,NA,NA,NA,NA,0.0194222378330752
"SAGE",602,"2026-09-10 05:13:00",-0.0697461905756895,-0.0748514025167618,NA,NA,NA,NA,NA,NA,0.00510521194107229
"HURRICANE",838,"2026-09-16 05:59:00",0.00355022586131019,-0.000884439638742132,NA,NA,NA,NA,NA,NA,0.00443466550005232
"PHOENIX",658,"2026-09-14 03:35:00",-0.0208025409790033,-0.0242809663117812,NA,NA,NA,NA,NA,NA,0.00347842533277787
"SPLINTER",158,"2026-05-22 05:49:00",0.00459375401781383,0.00924254226222684,NA,NA,NA,NA,NA,NA,-0.00464878824441301
"IDOL",1,"2025-12-21 07:35:00",-0.0208118409189436,-0.0126584374473074,NA,NA,NA,NA,NA,NA,-0.00815340347163621
"SCHOLAR",715,"2026-09-15 17:59:00",0.022191377745058,0.0428725657713665,NA,NA,NA,NA,NA,NA,-0.0206811880263085
"CRYSTAL",1142,"2026-09-03 23:59:00",-0.0795504955056399,-0.0499577979148796,NA,NA,NA,NA,NA,NA,-0.0295926975907604
"MAVERICK",690,"2026-09-16 14:59:00",-0.017295189990053,0.0129709593987549,NA,NA,NA,NA,NA,NA,-0.0302661493888079
"SPARK",1046,"2026-09-15 17:23:00",-0.0490761002734814,-0.0177939901374946,NA,NA,NA,NA,NA,NA,-0.0312821101359868
"SHURIKEN",1239,"2026-09-16 16:11:00",-0.060229301830542,-0.0208773261789061,NA,NA,NA,NA,NA,NA,-0.0393519756516359
"ROCKET",889,"2026-09-10 01:47:00",0.000179579517995917,0.0437096893862276,NA,NA,NA,NA,NA,NA,-0.0435301098682317
"PRISMATIC",623,"2026-09-15 17:49:00",0.0821319411223736,0.137469767440054,NA,NA,NA,NA,NA,NA,-0.0553378263176804
"VALIANT",705,"2026-09-14 03:35:00",-0.0966543390398063,-0.0336583268835532,NA,NA,NA,NA,NA,NA,-0.0629960121562531
"MISSILE",238,"2026-09-11 17:49:00",-0.0140537331890699,0.0534913969496625,NA,NA,NA,NA,NA,NA,-0.0675451301387324
"LUNA",1060,"2026-09-16 23:13:00",-0.0095116858320663,0.067446731194437,NA,NA,NA,NA,NA,NA,-0.0769584170265033
"ROMAN",177,"2026-09-09 05:23:00",0.0835029456508532,0.174430696403371,NA,NA,NA,NA,NA,NA,-0.0909277507525182
"OCTANE",537,"2026-08-25 05:23:00",0.021142820563806,0.114347135094454,NA,NA,NA,NA,NA,NA,-0.093204314530648
"NIRVANA",667,"2026-09-16 16:47:00",-0.0176711780999743,0.0778699529980718,NA,NA,NA,NA,NA,NA,-0.0955411310980461
"KRAKEN",851,"2026-09-16 05:23:00",-0.0392438792659929,0.0616093193915644,NA,NA,NA,NA,NA,NA,-0.100853198657557
"DAME",91,"2026-07-30 05:49:00",-0.0984055234961544,0.0256171983695413,NA,NA,NA,NA,NA,NA,-0.124022721865696
"PSYCHIC",383,"2026-09-03 05:59:00",-0.135080265809592,-0.00521237389545727,NA,NA,NA,NA,NA,NA,-0.129867891914135
"MERCURY",368,"2026-09-14 17:59:00",-0.0769540297550998,0.0600988010881926,NA,NA,NA,NA,NA,NA,-0.137052830843292
"STEEL",501,"2026-09-15 17:59:00",0.0632058549121678,0.206368027449701,NA,NA,NA,NA,NA,NA,-0.143162172537534
"CLOCKWORK",164,"2026-09-11 17:23:00",-0.0623328939430447,0.0865769896115249,NA,NA,NA,NA,NA,NA,-0.14890988355457
"MIMIC",80,"2026-09-16 23:59:00",-0.0564181552016266,0.118420822122476,NA,NA,NA,NA,NA,NA,-0.174838977324103
"BLAZE",29,"2026-07-16 05:49:00",-0.224040071279497,-0.0377020745702021,NA,NA,NA,NA,NA,NA,-0.186337996709295
"EMBER",66,"2026-02-24 06:23:00",-0.181275228459717,0.0126201230631827,NA,NA,NA,NA,NA,NA,-0.193895351522899
"ORIGINAL",579,"2026-09-10 16:11:00",-0.164952896195665,0.0428972169975088,NA,NA,NA,NA,NA,NA,-0.207850113193174
"SORCERER",147,"2026-08-06 05:23:00",-0.0133646194995545,0.195309866119262,NA,NA,NA,NA,NA,NA,-0.208674485618816
"UNICORN",375,"2026-09-16 22:47:00",-0.154724371362165,0.0699969643794846,NA,NA,NA,NA,NA,NA,-0.224721335741649
"MINDFLAYER",967,"2026-09-12 17:23:00",-0.138768761928531,0.0935781843183899,NA,NA,NA,NA,NA,NA,-0.232346946246921
"GENIUS",474,"2026-09-01 05:49:00",-0.068829887493803,0.170294866550416,NA,NA,NA,NA,NA,NA,-0.239124754044219
"DREAD",208,"2026-09-14 16:11:00",-0.0974200032393488,0.162047742995984,NA,NA,NA,NA,NA,NA,-0.259467746235333
"ENFORCER",893,"2026-09-14 16:47:00",-0.171812911471483,0.0972877017524933,NA,NA,NA,NA,NA,NA,-0.269100613223976
"SUMMIT",498,"2026-09-16 23:59:00",-0.117860201482271,0.165569548002354,NA,NA,NA,NA,NA,NA,-0.283429749484625
"PARADOX",66,"2026-02-02 05:11:00",-0.135781879634459,0.160313000562243,NA,NA,NA,NA,NA,NA,-0.296094880196702
"TOMBSTONE",535,"2026-08-07 08:59:00",-0.156128808483514,0.141229372092197,NA,NA,NA,NA,NA,NA,-0.297358180575711
"SEEKER",363,"2026-07-17 05:13:00",-0.24669286385329,0.0549819147098028,NA,NA,NA,NA,NA,NA,-0.301674778563092
"MONSTER",444,"2026-09-03 05:49:00",-0.0944739561193824,0.226637882967373,NA,NA,NA,NA,NA,NA,-0.321111839086755
"AERO",174,"2026-04-16 17:59:00",-0.129866386966654,0.195729120052357,NA,NA,NA,NA,NA,NA,-0.325595507019011
"RICOCHET",516,"2026-09-14 17:59:00",-0.161512000036325,0.175371091815083,NA,NA,NA,NA,NA,NA,-0.336883091851408
"SENTINEL",154,"2026-08-15 05:49:00",-0.207907309969978,0.13198498308652,NA,NA,NA,NA,NA,NA,-0.339892293056498
"INVENTOR",127,"2026-03-20 12:59:00",-0.152668665017327,0.204639457168532,NA,NA,NA,NA,NA,NA,-0.357308122185859
"FRACTURE",46,"2026-02-02 03:59:00",-0.183210825082169,0.192476147754445,NA,NA,NA,NA,NA,NA,-0.375686972836614
"DESTINY",78,"2026-09-02 01:37:00",-0.307665035839948,0.0938621690920982,NA,NA,NA,NA,NA,NA,-0.401527204932046
"ANVIL",333,"2026-07-30 05:59:00",-0.201971090378307,0.207177836483629,NA,NA,NA,NA,NA,NA,-0.409148926861936
"MARVEL",92,"2026-03-03 02:47:00",-0.324891547686217,0.104725438385134,NA,NA,NA,NA,NA,NA,-0.429616986071351
"NEON",250,"2026-06-05 05:13:00",-0.308793025765913,0.157583784158201,NA,NA,NA,NA,NA,NA,-0.466376809924114
