"MATCH_CODE","SCHEDULED_START_TIME_UTC","STREAM_NUMBER","PLAYER_1_HANDLE","PLAYER_1_TEAM","PLAYER_2_HANDLE","PLAYER_2_TEAM","Pred_P1_Points","Pred_P2_Points","Pred_Total","Pred_Spread","P1_Win_Prob","P1_Source","P2_Source","P1_Known","P2_Known","Prediction_Status"
"AF084160926","2026-09-16 23:49:00","1","OVERDRIVE","San Francisco 49ers","ACE","Detroit Lions",16.3619,17.7185,34.0803,-1.3566,NA,"global","global",TRUE,TRUE,"OK"
"AF085160926","2026-09-16 23:59:00","2","SUMMIT","Denver Broncos","MIMIC","Buffalo Bills",18.8612,16.9525,35.8137,1.9086,NA,"global","global",TRUE,TRUE,"OK"
"AF001170926","2026-09-17 00:25:00","1","LUNA","Buffalo Bills","ASTRONAUT","Cincinnati Bengals",18.1881,17.1876,35.3757,1.0004,NA,"global","global",TRUE,TRUE,"OK"
"AF002170926","2026-09-17 00:35:00","2","MIDAS","Detroit Lions","UNICORN","San Francisco 49ers",17.3048,14.3156,31.6204,2.9892,NA,"global","global",TRUE,TRUE,"OK"
"AF003170926","2026-09-17 01:01:00","1","ASTRONAUT","Cincinnati Bengals","ACE","Denver Broncos",15.0224,16.1337,31.1561,-1.1113,NA,"global","global",TRUE,TRUE,"OK"
"AF004170926","2026-09-17 01:11:00","2","UNICORN","San Francisco 49ers","MIMIC","Philadelphia Eagles",15.931,14.9854,30.9164,0.9455,NA,"global","global",TRUE,TRUE,"OK"
"AF005170926","2026-09-17 01:37:00","1","LUNA","Buffalo Bills","OVERDRIVE","Minnesota Vikings",18.2425,17.5046,35.7472,0.7379,NA,"global","global",TRUE,TRUE,"OK"
"AF006170926","2026-09-17 01:47:00","2","MIDAS","Detroit Lions","SUMMIT","Baltimore Ravens",18.9232,17.0892,36.0124,1.834,NA,"global","global",TRUE,TRUE,"OK"
"AF007170926","2026-09-17 02:13:00","1","ACE","Denver Broncos","ASTRONAUT","Cincinnati Bengals",16.4715,14.7144,31.1858,1.7571,NA,"global","global",TRUE,TRUE,"OK"
"AF008170926","2026-09-17 02:23:00","2","MIMIC","Philadelphia Eagles","UNICORN","San Francisco 49ers",15.2991,15.6043,30.9034,-0.3052,NA,"global","global",TRUE,TRUE,"OK"
"AF009170926","2026-09-17 02:49:00","1","ASTRONAUT","Cincinnati Bengals","OVERDRIVE","Minnesota Vikings",17.1435,17.0506,34.1941,0.0929,NA,"global","global",TRUE,TRUE,"OK"
"AF010170926","2026-09-17 02:59:00","2","UNICORN","San Francisco 49ers","SUMMIT","Baltimore Ravens",15.1145,16.1613,31.2758,-1.0469,NA,"global","global",TRUE,TRUE,"OK"
"AF011170926","2026-09-17 03:25:00","1","ACE","Denver Broncos","LUNA","Buffalo Bills",16.9101,15.6577,32.5677,1.2524,NA,"global","global",TRUE,TRUE,"OK"
"AF012170926","2026-09-17 03:35:00","2","MIMIC","Philadelphia Eagles","MIDAS","Detroit Lions",16.1775,19.5365,35.7139,-3.359,NA,"global","global",TRUE,TRUE,"OK"
"AF013170926","2026-09-17 04:01:00","1","ACE","Denver Broncos","OVERDRIVE","Minnesota Vikings",16.5208,14.9857,31.5065,1.535,NA,"global","global",TRUE,TRUE,"OK"
"AF014170926","2026-09-17 04:11:00","2","MIMIC","Philadelphia Eagles","SUMMIT","Baltimore Ravens",16.73,18.6275,35.3575,-1.8975,NA,"global","global",TRUE,TRUE,"OK"
"AF015170926","2026-09-17 04:37:00","1","ASTRONAUT","Cincinnati Bengals","LUNA","Buffalo Bills",17.5475,17.8151,35.3626,-0.2677,NA,"global","global",TRUE,TRUE,"OK"
"AF016170926","2026-09-17 04:47:00","2","UNICORN","San Francisco 49ers","MIDAS","Detroit Lions",14.6153,16.95,31.5653,-2.3346,NA,"global","global",TRUE,TRUE,"OK"
"AF017170926","2026-09-17 05:13:00","1","OVERDRIVE","Minnesota Vikings","LUNA","Buffalo Bills",17.8711,17.8684,35.7395,0.0026,NA,"global","global",TRUE,TRUE,"OK"
"AF018170926","2026-09-17 05:23:00","2","SUMMIT","Baltimore Ravens","MIDAS","Detroit Lions",17.4469,18.5352,35.9821,-1.0883,NA,"global","global",TRUE,TRUE,"OK"
"AF019170926","2026-09-17 05:49:00","1","ACE","Denver Broncos","ASTRONAUT","Cincinnati Bengals",16.4715,14.7144,31.1858,1.7571,NA,"global","global",TRUE,TRUE,"OK"
"AF020170926","2026-09-17 05:59:00","2","MIMIC","Philadelphia Eagles","UNICORN","San Francisco 49ers",15.2991,15.6043,30.9034,-0.3052,NA,"global","global",TRUE,TRUE,"OK"
"AF021170926","2026-09-17 06:25:00","1","LIZARD","Kansas City Chiefs","GADGET","Philadelphia Eagles",21.5006,18.1478,39.6484,3.3528,NA,"global","global",TRUE,TRUE,"OK"
"AF022170926","2026-09-17 06:35:00","2","MERCURY","Buffalo Bills","MINDFLAYER","Washington Commanders",16.0481,14.6839,30.732,1.3642,NA,"global","global",TRUE,TRUE,"OK"
"AF023170926","2026-09-17 07:01:00","1","HEADHUNTER","San Francisco 49ers","REGRET","Detroit Lions",20.0773,16.8927,36.97,3.1847,NA,"global","global",TRUE,TRUE,"OK"
"AF024170926","2026-09-17 07:11:00","2","CLOCKWORK","Cincinnati Bengals","ENFORCER","Denver Broncos",15.6218,16.0483,31.6701,-0.4265,NA,"global","global",TRUE,TRUE,"OK"
"AF025170926","2026-09-17 07:37:00","1","REGRET","Detroit Lions","GADGET","Philadelphia Eagles",19.0086,19.9676,38.9763,-0.959,NA,"global","global",TRUE,TRUE,"OK"
"AF026170926","2026-09-17 07:47:00","2","ENFORCER","Denver Broncos","MINDFLAYER","Washington Commanders",13.6449,13.7618,27.4066,-0.1169,NA,"global","global",TRUE,TRUE,"OK"
"AF027170926","2026-09-17 08:13:00","1","HEADHUNTER","San Francisco 49ers","LIZARD","Kansas City Chiefs",18.2475,19.1072,37.3547,-0.8597,NA,"global","global",TRUE,TRUE,"OK"
"AF028170926","2026-09-17 08:23:00","2","CLOCKWORK","Cincinnati Bengals","MERCURY","Buffalo Bills",16.6685,18.8749,35.5434,-2.2064,NA,"global","global",TRUE,TRUE,"OK"
"AF029170926","2026-09-17 08:49:00","1","HEADHUNTER","San Francisco 49ers","GADGET","Philadelphia Eagles",18.6888,16.8634,35.5522,1.8253,NA,"global","global",TRUE,TRUE,"OK"
"AF030170926","2026-09-17 08:59:00","2","CLOCKWORK","Cincinnati Bengals","MINDFLAYER","Washington Commanders",15.5902,16.4912,32.0813,-0.901,NA,"global","global",TRUE,TRUE,"OK"
"AF031170926","2026-09-17 09:25:00","1","REGRET","Detroit Lions","LIZARD","Kansas City Chiefs",18.5598,22.6244,41.1842,-4.0647,NA,"global","global",TRUE,TRUE,"OK"
"AF032170926","2026-09-17 09:35:00","2","ENFORCER","Denver Broncos","MERCURY","Buffalo Bills",14.5887,15.751,30.3396,-1.1623,NA,"global","global",TRUE,TRUE,"OK"
"AF033170926","2026-09-17 10:01:00","1","GADGET","Philadelphia Eagles","REGRET","Detroit Lions",20.3857,18.6189,39.0045,1.7668,NA,"global","global",TRUE,TRUE,"OK"
"AF034170926","2026-09-17 10:11:00","2","MINDFLAYER","Washington Commanders","MERCURY","Buffalo Bills",14.9913,15.719,30.7103,-0.7278,NA,"global","global",TRUE,TRUE,"OK"
"AF035170926","2026-09-17 10:37:00","1","GADGET","Philadelphia Eagles","LIZARD","Kansas City Chiefs",18.5277,21.0597,39.5874,-2.532,NA,"global","global",TRUE,TRUE,"OK"
"AF036170926","2026-09-17 10:47:00","2","MINDFLAYER","Washington Commanders","ENFORCER","Denver Broncos",14.0499,13.3651,27.4149,0.6848,NA,"global","global",TRUE,TRUE,"OK"
"AF037170926","2026-09-17 11:13:00","1","LIZARD","Kansas City Chiefs","HEADHUNTER","San Francisco 49ers",19.5072,17.8733,37.3805,1.6339,NA,"global","global",TRUE,TRUE,"OK"
"AF038170926","2026-09-17 11:23:00","2","MERCURY","Buffalo Bills","CLOCKWORK","Cincinnati Bengals",19.27,16.3267,35.5968,2.9433,NA,"global","global",TRUE,TRUE,"OK"
"AF039170926","2026-09-17 11:49:00","1","GADGET","Philadelphia Eagles","HEADHUNTER","San Francisco 49ers",17.2165,18.3056,35.522,-1.0891,NA,"global","global",TRUE,TRUE,"OK"
"AF040170926","2026-09-17 11:59:00","2","MINDFLAYER","Washington Commanders","CLOCKWORK","Cincinnati Bengals",16.8364,15.2705,32.1069,1.5659,NA,"global","global",TRUE,TRUE,"OK"
"AF041170926","2026-09-17 12:25:00","1","LIZARD","Minnesota Vikings","REGRET","Denver Broncos",21.0787,16.5062,37.5849,4.5725,NA,"global","global",TRUE,TRUE,"OK"
"AF042170926","2026-09-17 12:35:00","2","MERCURY","Philadelphia Eagles","ENFORCER","Detroit Lions",16.3683,15.1339,31.5022,1.2345,NA,"global","global",TRUE,TRUE,"OK"
"AF043170926","2026-09-17 13:01:00","1","REGRET","Denver Broncos","HEADHUNTER","Washington Commanders",16.4268,18.6091,35.0359,-2.1823,NA,"global","global",TRUE,TRUE,"OK"
"AF044170926","2026-09-17 13:11:00","2","ENFORCER","Detroit Lions","CLOCKWORK","Baltimore Ravens",17.2865,16.1616,33.4481,1.1249,NA,"global","global",TRUE,TRUE,"OK"
"AF045170926","2026-09-17 13:37:00","1","LIZARD","Minnesota Vikings","GADGET","Buffalo Bills",20.945,18.3016,39.2466,2.6434,NA,"global","global",TRUE,TRUE,"OK"
"AF046170926","2026-09-17 13:47:00","2","MERCURY","Philadelphia Eagles","MINDFLAYER","San Francisco 49ers",15.1696,14.5366,29.7062,0.633,NA,"global","global",TRUE,TRUE,"OK"
"AF048170926","2026-09-17 14:23:00","2","CLOCKWORK","Baltimore Ravens","ENFORCER","Detroit Lions",16.5,16.932,33.432,-0.4321,NA,"global","global",TRUE,TRUE,"OK"
"AF049170926","2026-09-17 14:49:00","1","REGRET","Denver Broncos","GADGET","Buffalo Bills",17.9482,19.6168,37.5649,-1.6686,NA,"global","global",TRUE,TRUE,"OK"
"AF050170926","2026-09-17 14:59:00","2","ENFORCER","Detroit Lions","MINDFLAYER","San Francisco 49ers",14.3256,14.5431,28.8687,-0.2175,NA,"global","global",TRUE,TRUE,"OK"
"AF052170926","2026-09-17 15:35:00","2","CLOCKWORK","Baltimore Ravens","MERCURY","Philadelphia Eagles",16.4925,17.9296,34.4221,-1.4371,NA,"global","global",TRUE,TRUE,"OK"
"AF053170926","2026-09-17 16:01:00","1","HEADHUNTER","Washington Commanders","GADGET","Buffalo Bills",18.8781,17.8401,36.7182,1.0381,NA,"global","global",TRUE,TRUE,"OK"
"AF054170926","2026-09-17 16:11:00","2","CLOCKWORK","Baltimore Ravens","MINDFLAYER","San Francisco 49ers",15.2916,16.2638,31.5554,-0.9722,NA,"global","global",TRUE,TRUE,"OK"
"AF055170926","2026-09-17 16:37:00","1","REGRET","Denver Broncos","LIZARD","Minnesota Vikings",16.8518,20.6465,37.4982,-3.7947,NA,"global","global",TRUE,TRUE,"OK"
"AF056170926","2026-09-17 16:47:00","2","ENFORCER","Detroit Lions","MERCURY","Philadelphia Eagles",15.4507,16.0327,31.4834,-0.582,NA,"global","global",TRUE,TRUE,"OK"
"AF057170926","2026-09-17 17:13:00","1","GADGET","Buffalo Bills","LIZARD","Minnesota Vikings",18.6848,20.5155,39.2003,-1.8308,NA,"global","global",TRUE,TRUE,"OK"
"AF059170926","2026-09-17 17:49:00","1","HEADHUNTER","Washington Commanders","REGRET","Denver Broncos",18.9986,16.0899,35.0886,2.9087,NA,"global","global",TRUE,TRUE,"OK"
"AF060170926","2026-09-17 17:59:00","2","CLOCKWORK","Baltimore Ravens","ENFORCER","Detroit Lions",16.5,16.932,33.432,-0.4321,NA,"global","global",TRUE,TRUE,"OK"
"AF061170926","2026-09-17 18:25:00","1","PRECISION","Philadelphia Eagles","KEVLAR","Kansas City Chiefs",19.5594,19.2163,38.7758,0.3431,NA,"global","global",TRUE,TRUE,"OK"
"AF062170926","2026-09-17 18:35:00","2","ASTRONAUT","Minnesota Vikings","ACE","Washington Commanders",14.9685,15.6212,30.5897,-0.6527,NA,"global","global",TRUE,TRUE,"OK"
"AF063170926","2026-09-17 19:01:00","1","HERMES","Baltimore Ravens","AVATAR","Detroit Lions",20.1496,22.0061,42.1557,-1.8565,NA,"global","global",TRUE,TRUE,"OK"
"AF064170926","2026-09-17 19:11:00","2","SAGE","Denver Broncos","LUNA","Buffalo Bills",14.8237,15.7209,30.5446,-0.8972,NA,"global","global",TRUE,TRUE,"OK"
"AF065170926","2026-09-17 19:37:00","1","AVATAR","Detroit Lions","KEVLAR","Kansas City Chiefs",22.1485,20.5992,42.7477,1.5493,NA,"global","global",TRUE,TRUE,"OK"
"AF066170926","2026-09-17 19:47:00","2","LUNA","Buffalo Bills","ACE","Washington Commanders",16.7005,16.2911,32.9916,0.4095,NA,"global","global",TRUE,TRUE,"OK"
"AF067170926","2026-09-17 20:13:00","1","HERMES","Baltimore Ravens","PRECISION","Philadelphia Eagles",18.797,19.4337,38.2307,-0.6368,NA,"global","global",TRUE,TRUE,"OK"
"AF068170926","2026-09-17 20:23:00","2","SAGE","Denver Broncos","ASTRONAUT","Minnesota Vikings",14.2142,14.0905,28.3047,0.1237,NA,"global","global",TRUE,TRUE,"OK"
"AF069170926","2026-09-17 20:49:00","1","HERMES","Baltimore Ravens","KEVLAR","Kansas City Chiefs",16.8596,17.4834,34.343,-0.6239,NA,"global","global",TRUE,TRUE,"OK"
"AF070170926","2026-09-17 20:59:00","2","SAGE","Denver Broncos","ACE","Washington Commanders",13.2583,14.0031,27.2614,-0.7448,NA,"global","global",TRUE,TRUE,"OK"
"AF071170926","2026-09-17 21:25:00","1","AVATAR","Detroit Lions","PRECISION","Philadelphia Eagles",24.6936,22.897,47.5906,1.7966,NA,"global","global",TRUE,TRUE,"OK"
"AF072170926","2026-09-17 21:35:00","2","LUNA","Buffalo Bills","ASTRONAUT","Minnesota Vikings",17.9046,16.3927,34.2973,1.5119,NA,"global","global",TRUE,TRUE,"OK"
"AF073170926","2026-09-17 22:01:00","1","KEVLAR","Kansas City Chiefs","PRECISION","Philadelphia Eagles",19.6186,19.1584,38.777,0.4602,NA,"global","global",TRUE,TRUE,"OK"
"AF074170926","2026-09-17 22:11:00","2","ACE","Washington Commanders","ASTRONAUT","Minnesota Vikings",15.9482,14.6616,30.6098,1.2866,NA,"global","global",TRUE,TRUE,"OK"
"AF075170926","2026-09-17 22:37:00","1","KEVLAR","Kansas City Chiefs","AVATAR","Detroit Lions",21.0304,21.6943,42.7247,-0.6639,NA,"global","global",TRUE,TRUE,"OK"
"AF076170926","2026-09-17 22:47:00","2","ACE","Washington Commanders","LUNA","Buffalo Bills",16.6321,16.3581,32.9902,0.274,NA,"global","global",TRUE,TRUE,"OK"
"AF077170926","2026-09-17 23:13:00","1","PRECISION","Philadelphia Eagles","HERMES","Baltimore Ravens",19.8405,18.4115,38.2521,1.429,NA,"global","global",TRUE,TRUE,"OK"
"AF078170926","2026-09-17 23:23:00","2","ASTRONAUT","Minnesota Vikings","SAGE","Denver Broncos",14.3855,13.9227,28.3082,0.4627,NA,"global","global",TRUE,TRUE,"OK"
"AF079170926","2026-09-17 23:49:00","1","KEVLAR","Kansas City Chiefs","HERMES","Baltimore Ravens",17.8494,16.5139,34.3633,1.3356,NA,"global","global",TRUE,TRUE,"OK"
"AF080170926","2026-09-17 23:59:00","2","ACE","Washington Commanders","SAGE","Denver Broncos",14.2963,12.9864,27.2827,1.3098,NA,"global","global",TRUE,TRUE,"OK"
"AF001180926","2026-09-18 00:25:00","1","PRECISION","Cincinnati Bengals","AVATAR","Minnesota Vikings",21.3535,22.1245,43.478,-0.7711,NA,"global","global",TRUE,TRUE,"OK"
"AF002180926","2026-09-18 00:35:00","2","ASTRONAUT","Philadelphia Eagles","LUNA","Baltimore Ravens",17.9001,16.4143,34.3144,1.4858,NA,"global","global",TRUE,TRUE,"OK"
"AF003180926","2026-09-18 01:01:00","1","AVATAR","Minnesota Vikings","HERMES","Buffalo Bills",20.7634,20.1669,40.9303,0.5965,NA,"global","global",TRUE,TRUE,"OK"
"AF004180926","2026-09-18 01:11:00","2","LUNA","Baltimore Ravens","SAGE","Detroit Lions",15.7348,15.2697,31.0045,0.4651,NA,"global","global",TRUE,TRUE,"OK"
"AF005180926","2026-09-18 01:37:00","1","PRECISION","Cincinnati Bengals","KEVLAR","Washington Commanders",19.0945,18.8827,37.9772,0.2117,NA,"global","global",TRUE,TRUE,"OK"
"AF006180926","2026-09-18 01:47:00","2","ASTRONAUT","Philadelphia Eagles","ACE","Kansas City Chiefs",16.0766,16.1488,32.2254,-0.0723,NA,"global","global",TRUE,TRUE,"OK"
"AF007180926","2026-09-18 02:13:00","1","HERMES","Buffalo Bills","AVATAR","Minnesota Vikings",20.5891,20.3376,40.9267,0.2514,NA,"global","global",TRUE,TRUE,"OK"
"AF008180926","2026-09-18 02:23:00","2","SAGE","Detroit Lions","LUNA","Baltimore Ravens",15.5893,15.4122,31.0015,0.1772,NA,"global","global",TRUE,TRUE,"OK"
"AF009180926","2026-09-18 02:49:00","1","AVATAR","Minnesota Vikings","KEVLAR","Washington Commanders",20.3842,19.0567,39.4409,1.3275,NA,"global","global",TRUE,TRUE,"OK"
"AF010180926","2026-09-18 02:59:00","2","LUNA","Baltimore Ravens","ACE","Kansas City Chiefs",15.2933,16.4091,31.7024,-1.1158,NA,"global","global",TRUE,TRUE,"OK"
"AF011180926","2026-09-18 03:25:00","1","HERMES","Buffalo Bills","PRECISION","Cincinnati Bengals",20.4011,19.0508,39.452,1.3503,NA,"global","global",TRUE,TRUE,"OK"
"AF012180926","2026-09-18 03:35:00","2","SAGE","Detroit Lions","ASTRONAUT","Philadelphia Eagles",15.3421,16.2016,31.5436,-0.8595,NA,"global","global",TRUE,TRUE,"OK"
"AF013180926","2026-09-18 04:01:00","1","HERMES","Buffalo Bills","KEVLAR","Washington Commanders",18.411,17.3577,35.7686,1.0533,NA,"global","global",TRUE,TRUE,"OK"
"AF014180926","2026-09-18 04:11:00","2","SAGE","Detroit Lions","ACE","Kansas City Chiefs",14.0012,15.1629,29.1641,-1.1617,NA,"global","global",TRUE,TRUE,"OK"
"AF015180926","2026-09-18 04:37:00","1","AVATAR","Minnesota Vikings","PRECISION","Cincinnati Bengals",22.5877,20.9156,43.5033,1.6721,NA,"global","global",TRUE,TRUE,"OK"
"AF016180926","2026-09-18 04:47:00","2","LUNA","Baltimore Ravens","ASTRONAUT","Philadelphia Eagles",16.7579,17.5331,34.291,-0.7752,NA,"global","global",TRUE,TRUE,"OK"
"AF017180926","2026-09-18 05:13:00","1","KEVLAR","Washington Commanders","PRECISION","Cincinnati Bengals",19.278,18.7029,37.981,0.5751,NA,"global","global",TRUE,TRUE,"OK"
"AF018180926","2026-09-18 05:23:00","2","ACE","Kansas City Chiefs","ASTRONAUT","Philadelphia Eagles",16.4869,15.7469,32.2338,0.74,NA,"global","global",TRUE,TRUE,"OK"
"AF019180926","2026-09-18 05:49:00","1","HERMES","Buffalo Bills","AVATAR","Minnesota Vikings",20.5891,20.3376,40.9267,0.2514,NA,"global","global",TRUE,TRUE,"OK"
"AF020180926","2026-09-18 05:59:00","2","SAGE","Detroit Lions","LUNA","Baltimore Ravens",15.5893,15.4122,31.0015,0.1772,NA,"global","global",TRUE,TRUE,"OK"
"AF021180926","2026-09-18 06:25:00","1","FENRIR","Philadelphia Eagles","FUSE","Detroit Lions",20.5486,20.9088,41.4575,-0.3602,NA,"global","global",TRUE,TRUE,"OK"
"AF022180926","2026-09-18 06:35:00","2","CLOCKWORK","Cincinnati Bengals","ENFORCER","Buffalo Bills",15.9484,17.6193,33.5677,-1.6709,NA,"global","global",TRUE,TRUE,"OK"
"AF023180926","2026-09-18 07:01:00","1","KILLJOY","Kansas City Chiefs","MERLIN","San Francisco 49ers",17.4316,16.5101,33.9417,0.9214,NA,"global","global",TRUE,TRUE,"OK"
"AF024180926","2026-09-18 07:11:00","2","MERCURY","Washington Commanders","RICOCHET","Denver Broncos",16.6484,14.5964,31.2448,2.052,NA,"global","global",TRUE,TRUE,"OK"
"AF025180926","2026-09-18 07:37:00","1","MERLIN","San Francisco 49ers","FUSE","Detroit Lions",18.6603,19.7303,38.3906,-1.07,NA,"global","global",TRUE,TRUE,"OK"
"AF026180926","2026-09-18 07:47:00","2","RICOCHET","Denver Broncos","ENFORCER","Buffalo Bills",13.933,16.9917,30.9246,-3.0587,NA,"global","global",TRUE,TRUE,"OK"
"AF027180926","2026-09-18 08:13:00","1","KILLJOY","Kansas City Chiefs","FENRIR","Philadelphia Eagles",18.4728,18.1809,36.6537,0.2919,NA,"global","global",TRUE,TRUE,"OK"
"AF028180926","2026-09-18 08:23:00","2","MERCURY","Washington Commanders","CLOCKWORK","Cincinnati Bengals",17.2633,16.7078,33.9711,0.5555,NA,"global","global",TRUE,TRUE,"OK"
"AF029180926","2026-09-18 08:49:00","1","KILLJOY","Kansas City Chiefs","FUSE","Detroit Lions",19.3492,19.7829,39.1321,-0.4337,NA,"global","global",TRUE,TRUE,"OK"
"AF030180926","2026-09-18 08:59:00","2","MERCURY","Washington Commanders","ENFORCER","Buffalo Bills",14.7073,16.0545,30.7618,-1.3472,NA,"global","global",TRUE,TRUE,"OK"
"AF031180926","2026-09-18 09:25:00","1","MERLIN","San Francisco 49ers","FENRIR","Philadelphia Eagles",17.8151,18.1325,35.9476,-0.3174,NA,"global","global",TRUE,TRUE,"OK"
"AF032180926","2026-09-18 09:35:00","2","RICOCHET","Denver Broncos","CLOCKWORK","Cincinnati Bengals",16.3544,17.6831,34.0375,-1.3287,NA,"global","global",TRUE,TRUE,"OK"
"AF033180926","2026-09-18 10:01:00","1","FUSE","Detroit Lions","FENRIR","Philadelphia Eagles",21.3465,20.1273,41.4738,1.2192,NA,"global","global",TRUE,TRUE,"OK"
"AF034180926","2026-09-18 10:11:00","2","ENFORCER","Buffalo Bills","CLOCKWORK","Cincinnati Bengals",17.9881,15.6214,33.6095,2.3667,NA,"global","global",TRUE,TRUE,"OK"
"AF035180926","2026-09-18 10:37:00","1","FUSE","Detroit Lions","MERLIN","San Francisco 49ers",20.1433,18.2777,38.421,1.8657,NA,"global","global",TRUE,TRUE,"OK"
"AF036180926","2026-09-18 10:47:00","2","ENFORCER","Buffalo Bills","RICOCHET","Denver Broncos",17.3474,13.6473,30.9946,3.7001,NA,"global","global",TRUE,TRUE,"OK"
"AF037180926","2026-09-18 11:13:00","1","FENRIR","Philadelphia Eagles","KILLJOY","Kansas City Chiefs",18.5615,18.094,36.6555,0.4675,NA,"global","global",TRUE,TRUE,"OK"
"AF038180926","2026-09-18 11:23:00","2","CLOCKWORK","Cincinnati Bengals","MERCURY","Washington Commanders",17.0576,16.9093,33.9669,0.1482,NA,"global","global",TRUE,TRUE,"OK"
"AF039180926","2026-09-18 11:49:00","1","FUSE","Detroit Lions","KILLJOY","Kansas City Chiefs",20.197,18.9525,39.1495,1.2446,NA,"global","global",TRUE,TRUE,"OK"
"AF041180926","2026-09-18 12:25:00","1","FENRIR","Cincinnati Bengals","MERLIN","Minnesota Vikings",17.4297,17.3614,34.7912,0.0683,NA,"global","global",TRUE,TRUE,"OK"
"AF042180926","2026-09-18 12:35:00","2","CLOCKWORK","Philadelphia Eagles","RICOCHET","Kansas City Chiefs",19.3202,16.0341,35.3542,3.2861,NA,"global","global",TRUE,TRUE,"OK"
"AF043180926","2026-09-18 13:01:00","1","MERLIN","Minnesota Vikings","FENRIR","Cincinnati Bengals",17.7249,17.0723,34.7972,0.6525,NA,"global","global",TRUE,TRUE,"OK"
"AF044180926","2026-09-18 13:11:00","2","RICOCHET","Kansas City Chiefs","MERCURY","Detroit Lions",15.1914,18.2918,33.4831,-3.1004,NA,"global","global",TRUE,TRUE,"OK"
"AF045180926","2026-09-18 13:37:00","1","KILLJOY","Washington Commanders","FUSE","Denver Broncos",17.8692,18.7332,36.6024,-0.864,NA,"global","global",TRUE,TRUE,"OK"
"AF047180926","2026-09-18 14:13:00","1","KILLJOY","Washington Commanders","MERLIN","Minnesota Vikings",16.6218,16.5276,33.1493,0.0942,NA,"global","global",TRUE,TRUE,"OK"
"AF048180926","2026-09-18 14:23:00","2","MERCURY","Detroit Lions","RICOCHET","Kansas City Chiefs",18.6747,14.8799,33.5546,3.7948,NA,"global","global",TRUE,TRUE,"OK"
"AF049180926","2026-09-18 14:49:00","1","MERLIN","Minnesota Vikings","FUSE","Denver Broncos",17.4486,18.0194,35.468,-0.5707,NA,"global","global",TRUE,TRUE,"OK"
"AF050180926","2026-09-18 14:59:00","2","RICOCHET","Kansas City Chiefs","ENFORCER","Baltimore Ravens",13.8032,16.2559,30.0591,-2.4527,NA,"global","global",TRUE,TRUE,"OK"
"AF051180926","2026-09-18 15:25:00","1","KILLJOY","Washington Commanders","FENRIR","Cincinnati Bengals",18.1521,17.7487,35.9008,0.4034,NA,"global","global",TRUE,TRUE,"OK"
"AF052180926","2026-09-18 15:35:00","2","MERCURY","Detroit Lions","CLOCKWORK","Philadelphia Eagles",18.6494,17.5379,36.1873,1.1114,NA,"global","global",TRUE,TRUE,"OK"
"AF053180926","2026-09-18 16:01:00","1","KILLJOY","Washington Commanders","FUSE","Denver Broncos",17.8692,18.7332,36.6024,-0.864,NA,"global","global",TRUE,TRUE,"OK"
"AF054180926","2026-09-18 16:11:00","2","MERCURY","Detroit Lions","ENFORCER","Baltimore Ravens",15.7254,15.0653,30.7907,0.6601,NA,"global","global",TRUE,TRUE,"OK"
"AF055180926","2026-09-18 16:37:00","1","MERLIN","Minnesota Vikings","FENRIR","Cincinnati Bengals",17.7249,17.0723,34.7972,0.6525,NA,"global","global",TRUE,TRUE,"OK"
"AF057180926","2026-09-18 17:13:00","1","FUSE","Denver Broncos","FENRIR","Cincinnati Bengals",20.0903,18.3536,38.4439,1.7367,NA,"global","global",TRUE,TRUE,"OK"
"AF058180926","2026-09-18 17:23:00","2","ENFORCER","Baltimore Ravens","CLOCKWORK","Philadelphia Eagles",16.5737,15.9353,32.5091,0.6384,NA,"global","global",TRUE,TRUE,"OK"
"AF059180926","2026-09-18 17:49:00","1","KILLJOY","Washington Commanders","MERLIN","Minnesota Vikings",16.6218,16.5276,33.1493,0.0942,NA,"global","global",TRUE,TRUE,"OK"
"AF061180926","2026-09-18 18:25:00","1","LEGEND","San Francisco 49ers","MEMENTO","Kansas City Chiefs",19.9869,20.3577,40.3446,-0.3708,NA,"global","global",TRUE,TRUE,"OK"
"AF081180926","2026-09-18 18:35:00","2","LUNA","Washington Commanders","KRAKEN","Cincinnati Bengals",17.1742,16.651,33.8252,0.5231,NA,"global","global",TRUE,TRUE,"OK"
"AF063180926","2026-09-18 19:01:00","1","LYNX","Detroit Lions","HERMES","Baltimore Ravens",17.9472,16.6721,34.6193,1.2751,NA,"global","global",TRUE,TRUE,"OK"
"AF064180926","2026-09-18 19:11:00","2","LUNA","Washington Commanders","PHOENIX","Buffalo Bills",15.96,17.3265,33.2865,-1.3665,NA,"global","global",TRUE,TRUE,"OK"
"AF065180926","2026-09-18 19:37:00","1","HERMES","Baltimore Ravens","MEMENTO","Kansas City Chiefs",19.0204,19.1118,38.1322,-0.0914,NA,"global","global",TRUE,TRUE,"OK"
"AF066180926","2026-09-18 19:47:00","2","PHOENIX","Buffalo Bills","KRAKEN","Cincinnati Bengals",17.7469,15.5243,33.2712,2.2225,NA,"global","global",TRUE,TRUE,"OK"
"AF067180926","2026-09-18 20:13:00","1","LYNX","Detroit Lions","LEGEND","San Francisco 49ers",19.1172,17.5193,36.6365,1.598,NA,"global","global",TRUE,TRUE,"OK"
"AF082180926","2026-09-18 20:23:00","2","LUNA","Washington Commanders","PHOENIX","Buffalo Bills",15.96,17.3265,33.2865,-1.3665,NA,"global","global",TRUE,TRUE,"OK"
"AF069180926","2026-09-18 20:49:00","1","LYNX","Detroit Lions","MEMENTO","Kansas City Chiefs",19.9606,19.0215,38.9821,0.9391,NA,"global","global",TRUE,TRUE,"OK"
"AF070180926","2026-09-18 20:59:00","2","LUNA","Washington Commanders","KRAKEN","Cincinnati Bengals",17.1742,16.651,33.8252,0.5231,NA,"global","global",TRUE,TRUE,"OK"
"AF071180926","2026-09-18 21:25:00","1","HERMES","Baltimore Ravens","LEGEND","San Francisco 49ers",18.2168,17.6024,35.8192,0.6144,NA,"global","global",TRUE,TRUE,"OK"
"AF083180926","2026-09-18 21:35:00","2","PHOENIX","Buffalo Bills","LUNA","Washington Commanders",17.6892,15.6328,33.322,2.0564,NA,"global","global",TRUE,TRUE,"OK"
"AF073180926","2026-09-18 22:01:00","1","MEMENTO","Kansas City Chiefs","LEGEND","San Francisco 49ers",20.7839,19.5771,40.3609,1.2068,NA,"global","global",TRUE,TRUE,"OK"
"AF084180926","2026-09-18 22:11:00","2","PHOENIX","Buffalo Bills","KRAKEN","Cincinnati Bengals",17.7469,15.5243,33.2712,2.2225,NA,"global","global",TRUE,TRUE,"OK"
"AF075180926","2026-09-18 22:37:00","1","MEMENTO","Kansas City Chiefs","HERMES","Baltimore Ravens",19.5119,18.6304,38.1422,0.8815,NA,"global","global",TRUE,TRUE,"OK"
"AF076180926","2026-09-18 22:47:00","2","KRAKEN","Cincinnati Bengals","PHOENIX","Buffalo Bills",15.8493,17.383,33.2323,-1.5336,NA,"global","global",TRUE,TRUE,"OK"
"AF077180926","2026-09-18 23:13:00","1","LEGEND","San Francisco 49ers","LYNX","Detroit Lions",17.886,18.7252,36.6112,-0.8392,NA,"global","global",TRUE,TRUE,"OK"
"AF085180926","2026-09-18 23:23:00","2","KRAKEN","Cincinnati Bengals","LUNA","Washington Commanders",16.9996,16.822,33.8216,0.1776,NA,"global","global",TRUE,TRUE,"OK"
"AF079180926","2026-09-18 23:49:00","1","MEMENTO","Kansas City Chiefs","LYNX","Detroit Lions",19.4197,19.5513,38.971,-0.1316,NA,"global","global",TRUE,TRUE,"OK"
"AF086180926","2026-09-18 23:59:00","2","PHOENIX","Buffalo Bills","LUNA","Washington Commanders",17.6892,15.6328,33.322,2.0564,NA,"global","global",TRUE,TRUE,"OK"
"AF001190926","2026-09-19 00:25:00","1","LEGEND","Minnesota Vikings","HERMES","Buffalo Bills",18.0649,18.7926,36.8575,-0.7277,NA,"global","global",TRUE,TRUE,"OK"
"AF003190926","2026-09-19 01:01:00","1","HERMES","Buffalo Bills","LYNX","Cincinnati Bengals",17.6676,17.0342,34.7019,0.6334,NA,"global","global",TRUE,TRUE,"OK"
"AF004190926","2026-09-19 01:11:00","2","PHOENIX","Philadelphia Eagles","LUNA","Detroit Lions",17.2346,16.8332,34.0678,0.4014,NA,"global","global",TRUE,TRUE,"OK"
"AF005190926","2026-09-19 01:37:00","1","LEGEND","Minnesota Vikings","MEMENTO","Washington Commanders",20.008,19.412,39.42,0.596,NA,"global","global",TRUE,TRUE,"OK"
"AF007190926","2026-09-19 02:13:00","1","LYNX","Cincinnati Bengals","HERMES","Buffalo Bills",17.3908,17.3053,34.6962,0.0855,NA,"global","global",TRUE,TRUE,"OK"
"AF008190926","2026-09-19 02:23:00","2","LUNA","Detroit Lions","PHOENIX","Philadelphia Eagles",17.1856,16.8812,34.0668,0.3043,NA,"global","global",TRUE,TRUE,"OK"
"AF010190926","2026-09-19 02:59:00","2","PHOENIX","Philadelphia Eagles","KRAKEN","Baltimore Ravens",16.8581,15.3604,32.2185,1.4976,NA,"global","global",TRUE,TRUE,"OK"
"AF011190926","2026-09-19 03:25:00","1","LYNX","Cincinnati Bengals","LEGEND","Minnesota Vikings",17.792,16.67,34.462,1.122,NA,"global","global",TRUE,TRUE,"OK"
"AF023190926","2026-09-19 03:35:00","2","KRAKEN","Baltimore Ravens","LUNA","Detroit Lions",17.1864,18.045,35.2313,-0.8586,NA,"global","global",TRUE,TRUE,"OK"
"AF013190926","2026-09-19 04:01:00","1","LYNX","Cincinnati Bengals","MEMENTO","Washington Commanders",19.2615,17.8757,37.1372,1.3857,NA,"global","global",TRUE,TRUE,"OK"
"AF014190926","2026-09-19 04:11:00","2","LUNA","Detroit Lions","KRAKEN","Baltimore Ravens",18.4227,16.834,35.2567,1.5887,NA,"global","global",TRUE,TRUE,"OK"
"AF024190926","2026-09-19 04:47:00","2","LUNA","Detroit Lions","PHOENIX","Philadelphia Eagles",17.1856,16.8812,34.0668,0.3043,NA,"global","global",TRUE,TRUE,"OK"
"AF017190926","2026-09-19 05:13:00","1","MEMENTO","Washington Commanders","LEGEND","Minnesota Vikings",19.8184,19.5978,39.4161,0.2206,NA,"global","global",TRUE,TRUE,"OK"
"AF025190926","2026-09-19 05:23:00","2","PHOENIX","Philadelphia Eagles","KRAKEN","Baltimore Ravens",16.8581,15.3604,32.2185,1.4976,NA,"global","global",TRUE,TRUE,"OK"
"AF019190926","2026-09-19 05:49:00","1","LYNX","Cincinnati Bengals","HERMES","Buffalo Bills",17.3908,17.3053,34.6962,0.0855,NA,"global","global",TRUE,TRUE,"OK"
"AF026190926","2026-09-19 05:59:00","2","KRAKEN","Baltimore Ravens","PHOENIX","Philadelphia Eagles",15.682,16.5124,32.1944,-0.8304,NA,"global","global",TRUE,TRUE,"OK"
"AF027190926","2026-09-19 06:25:00","1","FENRIR","Detroit Lions","HEADHUNTER","Philadelphia Eagles",21.2463,17.1929,38.4392,4.0534,NA,"global","global",TRUE,TRUE,"OK"
"AF087190926","2026-09-19 06:35:00","2","ORIGINAL","Buffalo Bills","PURSUIT","Cincinnati Bengals",17.1971,19.6577,36.8548,-2.4606,NA,"global","global",TRUE,TRUE,"OK"
"AF029190926","2026-09-19 07:01:00","1","KILLJOY","Kansas City Chiefs","NIGHTMARE","Baltimore Ravens",19.5339,16.1727,35.7066,3.3612,NA,"global","global",TRUE,TRUE,"OK"
"AF031190926","2026-09-19 07:37:00","1","NIGHTMARE","Baltimore Ravens","HEADHUNTER","Philadelphia Eagles",18.6817,17.3872,36.0688,1.2945,NA,"global","global",TRUE,TRUE,"OK"
"AF088190926","2026-09-19 07:47:00","2","PURSUIT","Cincinnati Bengals","ORIGINAL","Buffalo Bills",20.0692,16.8445,36.9137,3.2247,NA,"global","global",TRUE,TRUE,"OK"
"AF033190926","2026-09-19 08:13:00","1","KILLJOY","Kansas City Chiefs","FENRIR","Detroit Lions",19.3156,18.3929,37.7085,0.9227,NA,"global","global",TRUE,TRUE,"OK"
"AF034190926","2026-09-19 08:23:00","2","STEEL","Denver Broncos","ORIGINAL","Buffalo Bills",18.5352,18.095,36.6302,0.4402,NA,"global","global",TRUE,TRUE,"OK"
"AF035190926","2026-09-19 08:49:00","1","KILLJOY","Kansas City Chiefs","HEADHUNTER","Philadelphia Eagles",19.7756,15.5573,35.3328,4.2183,NA,"global","global",TRUE,TRUE,"OK"
"AF089190926","2026-09-19 08:59:00","2","STEEL","Denver Broncos","PURSUIT","Cincinnati Bengals",21.7992,24.8356,46.6348,-3.0365,NA,"global","global",TRUE,TRUE,"OK"
"AF037190926","2026-09-19 09:25:00","1","NIGHTMARE","Baltimore Ravens","FENRIR","Detroit Lions",18.2471,20.5563,38.8035,-2.3092,NA,"global","global",TRUE,TRUE,"OK"
"AF038190926","2026-09-19 09:35:00","2","PURSUIT","Cincinnati Bengals","ORIGINAL","Buffalo Bills",20.0692,16.8445,36.9137,3.2247,NA,"global","global",TRUE,TRUE,"OK"
"AF039190926","2026-09-19 10:01:00","1","HEADHUNTER","Philadelphia Eagles","FENRIR","Detroit Lions",17.5528,20.8107,38.3635,-3.2579,NA,"global","global",TRUE,TRUE,"OK"
"AF090190926","2026-09-19 10:11:00","2","STEEL","Denver Broncos","ORIGINAL","Buffalo Bills",18.5352,18.095,36.6302,0.4402,NA,"global","global",TRUE,TRUE,"OK"
"AF041190926","2026-09-19 10:37:00","1","HEADHUNTER","Philadelphia Eagles","NIGHTMARE","Baltimore Ravens",17.7512,18.2986,36.0498,-0.5475,NA,"global","global",TRUE,TRUE,"OK"
"AF091190926","2026-09-19 10:47:00","2","ORIGINAL","Buffalo Bills","PURSUIT","Cincinnati Bengals",17.1971,19.6577,36.8548,-2.4606,NA,"global","global",TRUE,TRUE,"OK"
"AF043190926","2026-09-19 11:13:00","1","FENRIR","Detroit Lions","KILLJOY","Kansas City Chiefs",18.7779,18.9195,37.6975,-0.1416,NA,"global","global",TRUE,TRUE,"OK"
"AF092190926","2026-09-19 11:23:00","2","PURSUIT","Cincinnati Bengals","STEEL","Denver Broncos",25.3555,21.3522,46.7077,4.0034,NA,"global","global",TRUE,TRUE,"OK"
"AF045190926","2026-09-19 11:49:00","1","HEADHUNTER","Philadelphia Eagles","KILLJOY","Kansas City Chiefs",15.8829,19.3701,35.253,-3.4871,NA,"global","global",TRUE,TRUE,"OK"
"AF093190926","2026-09-19 11:59:00","2","ORIGINAL","Buffalo Bills","STEEL","Denver Broncos",18.4738,18.1551,36.6289,0.3186,NA,"global","global",TRUE,TRUE,"OK"
"AF047190926","2026-09-19 12:25:00","1","FENRIR","Denver Broncos","NIGHTMARE","Cincinnati Bengals",19.8913,16.9218,36.8131,2.9696,NA,"global","global",TRUE,TRUE,"OK"
"AF048190926","2026-09-19 12:35:00","2","ORIGINAL","Detroit Lions","PURSUIT","San Francisco 49ers",16.8838,19.6398,36.5236,-2.7561,NA,"global","global",TRUE,TRUE,"OK"
"AF049190926","2026-09-19 13:01:00","1","NIGHTMARE","Cincinnati Bengals","KILLJOY","Minnesota Vikings",16.047,18.7099,34.7569,-2.663,NA,"global","global",TRUE,TRUE,"OK"
"AF050190926","2026-09-19 13:11:00","2","PURSUIT","San Francisco 49ers","STEEL","Baltimore Ravens",24.5599,21.9112,46.4711,2.6487,NA,"global","global",TRUE,TRUE,"OK"
"AF051190926","2026-09-19 13:37:00","1","FENRIR","Denver Broncos","HEADHUNTER","Buffalo Bills",20.061,16.8908,36.9518,3.1702,NA,"global","global",TRUE,TRUE,"OK"
"AF094190926","2026-09-19 13:47:00","2","ORIGINAL","Detroit Lions","STEEL","Baltimore Ravens",18.0656,19.1407,37.2064,-1.0751,NA,"global","global",TRUE,TRUE,"OK"
"AF053190926","2026-09-19 14:13:00","1","KILLJOY","Minnesota Vikings","NIGHTMARE","Cincinnati Bengals",19.1016,15.718,34.8196,3.3837,NA,"global","global",TRUE,TRUE,"OK"
"AF054190926","2026-09-19 14:23:00","2","STEEL","Baltimore Ravens","PURSUIT","San Francisco 49ers",22.3699,24.0563,46.4262,-1.6864,NA,"global","global",TRUE,TRUE,"OK"
"AF055190926","2026-09-19 14:49:00","1","NIGHTMARE","Cincinnati Bengals","HEADHUNTER","Buffalo Bills",18.881,18.3039,37.1849,0.5772,NA,"global","global",TRUE,TRUE,"OK"
"AF095190926","2026-09-19 14:59:00","2","PURSUIT","San Francisco 49ers","ORIGINAL","Detroit Lions",20.051,16.5376,36.5885,3.5134,NA,"global","global",TRUE,TRUE,"OK"
"AF058190926","2026-09-19 15:35:00","2","STEEL","Baltimore Ravens","ORIGINAL","Detroit Lions",19.5414,17.6952,37.2366,1.8462,NA,"global","global",TRUE,TRUE,"OK"
"AF059190926","2026-09-19 16:01:00","1","KILLJOY","Minnesota Vikings","HEADHUNTER","Buffalo Bills",19.2646,15.6892,34.9537,3.5754,NA,"global","global",TRUE,TRUE,"OK"
"AF096190926","2026-09-19 16:11:00","2","STEEL","Baltimore Ravens","PURSUIT","San Francisco 49ers",22.3699,24.0563,46.4262,-1.6864,NA,"global","global",TRUE,TRUE,"OK"
"AF061190926","2026-09-19 16:37:00","1","NIGHTMARE","Cincinnati Bengals","FENRIR","Denver Broncos",17.276,19.4835,36.7595,-2.2074,NA,"global","global",TRUE,TRUE,"OK"
"AF062190926","2026-09-19 16:47:00","2","PURSUIT","San Francisco 49ers","ORIGINAL","Detroit Lions",20.051,16.5376,36.5885,3.5134,NA,"global","global",TRUE,TRUE,"OK"
"AF097190926","2026-09-19 17:23:00","2","STEEL","Baltimore Ravens","ORIGINAL","Detroit Lions",19.5414,17.6952,37.2366,1.8462,NA,"global","global",TRUE,TRUE,"OK"
"AF065190926","2026-09-19 17:49:00","1","KILLJOY","Minnesota Vikings","NIGHTMARE","Cincinnati Bengals",19.1016,15.718,34.8196,3.3837,NA,"global","global",TRUE,TRUE,"OK"
"AF066190926","2026-09-19 17:59:00","2","STEEL","Baltimore Ravens","PURSUIT","San Francisco 49ers",22.3699,24.0563,46.4262,-1.6864,NA,"global","global",TRUE,TRUE,"OK"
"AF067190926","2026-09-19 18:25:00","1","OVERDRIVE","Philadelphia Eagles","ACE","Baltimore Ravens",16.7059,16.6282,33.3341,0.0776,NA,"global","global",TRUE,TRUE,"OK"
"AF098190926","2026-09-19 18:35:00","2","KRAKEN","Cincinnati Bengals","HURRICANE","Washington Commanders",15.7449,16.1602,31.9051,-0.4152,NA,"global","global",TRUE,TRUE,"OK"
"AF069190926","2026-09-19 19:01:00","1","OVERDRIVE","Philadelphia Eagles","JUDGEMENT","Kansas City Chiefs",17.7222,17.6881,35.4103,0.0341,NA,"global","global",TRUE,TRUE,"OK"
"AF070190926","2026-09-19 19:11:00","2","KRAKEN","Cincinnati Bengals","PSYCHIC","Buffalo Bills",16.0076,14.5617,30.5693,1.446,NA,"global","global",TRUE,TRUE,"OK"
"AF071190926","2026-09-19 19:37:00","1","JUDGEMENT","Kansas City Chiefs","ACE","Baltimore Ravens",15.7403,15.3755,31.1158,0.3648,NA,"global","global",TRUE,TRUE,"OK"
"AF072190926","2026-09-19 19:47:00","2","PSYCHIC","Buffalo Bills","HURRICANE","Washington Commanders",13.7245,15.1677,28.8922,-1.4432,NA,"global","global",TRUE,TRUE,"OK"
"AF073190926","2026-09-19 20:13:00","1","OVERDRIVE","Philadelphia Eagles","JUDGEMENT","Kansas City Chiefs",17.7222,17.6881,35.4103,0.0341,NA,"global","global",TRUE,TRUE,"OK"
"AF099190926","2026-09-19 20:23:00","2","KRAKEN","Cincinnati Bengals","PSYCHIC","Buffalo Bills",16.0076,14.5617,30.5693,1.446,NA,"global","global",TRUE,TRUE,"OK"
"AF075190926","2026-09-19 20:49:00","1","OVERDRIVE","Philadelphia Eagles","ACE","Baltimore Ravens",16.7059,16.6282,33.3341,0.0776,NA,"global","global",TRUE,TRUE,"OK"
"AF076190926","2026-09-19 20:59:00","2","KRAKEN","Cincinnati Bengals","HURRICANE","Washington Commanders",15.7449,16.1602,31.9051,-0.4152,NA,"global","global",TRUE,TRUE,"OK"
"AF077190926","2026-09-19 21:25:00","1","JUDGEMENT","Kansas City Chiefs","OVERDRIVE","Philadelphia Eagles",18.0584,17.3588,35.4172,0.6995,NA,"global","global",TRUE,TRUE,"OK"
"AF100190926","2026-09-19 21:35:00","2","PSYCHIC","Buffalo Bills","KRAKEN","Cincinnati Bengals",14.8665,15.6794,30.5459,-0.8129,NA,"global","global",TRUE,TRUE,"OK"
"AF079190926","2026-09-19 22:01:00","1","JUDGEMENT","Kansas City Chiefs","ACE","Baltimore Ravens",15.7403,15.3755,31.1158,0.3648,NA,"global","global",TRUE,TRUE,"OK"
"AF101190926","2026-09-19 22:11:00","2","PSYCHIC","Buffalo Bills","HURRICANE","Washington Commanders",13.7245,15.1677,28.8922,-1.4432,NA,"global","global",TRUE,TRUE,"OK"
"AF082190926","2026-09-19 22:47:00","2","HURRICANE","Washington Commanders","PSYCHIC","Buffalo Bills",15.4852,13.4431,28.9283,2.0421,NA,"global","global",TRUE,TRUE,"OK"
"AF102190926","2026-09-19 23:23:00","2","HURRICANE","Washington Commanders","KRAKEN","Cincinnati Bengals",16.4985,15.4221,31.9205,1.0764,NA,"global","global",TRUE,TRUE,"OK"
"AF085190926","2026-09-19 23:49:00","1","JUDGEMENT","Kansas City Chiefs","OVERDRIVE","Philadelphia Eagles",18.0584,17.3588,35.4172,0.6995,NA,"global","global",TRUE,TRUE,"OK"
"AF001200926","2026-09-20 00:25:00","1","JUDGEMENT","Denver Broncos","ACE","Cincinnati Bengals",15.8368,14.9172,30.7541,0.9196,NA,"global","global",TRUE,TRUE,"OK"
"AF021200926","2026-09-20 00:35:00","2","PSYCHIC","Baltimore Ravens","HURRICANE","Detroit Lions",12.8788,16.2177,29.0965,-3.3388,NA,"global","global",TRUE,TRUE,"OK"
"AF003200926","2026-09-20 01:01:00","1","JUDGEMENT","Denver Broncos","OVERDRIVE","Minnesota Vikings",17.7603,15.4704,33.2307,2.29,NA,"global","global",TRUE,TRUE,"OK"
"AF005200926","2026-09-20 01:37:00","1","OVERDRIVE","Minnesota Vikings","ACE","Cincinnati Bengals",15.5687,16.4902,32.0589,-0.9215,NA,"global","global",TRUE,TRUE,"OK"
"AF022200926","2026-09-20 01:47:00","2","KRAKEN","Philadelphia Eagles","HURRICANE","Detroit Lions",16.5272,17.4576,33.9848,-0.9304,NA,"global","global",TRUE,TRUE,"OK"
"AF007200926","2026-09-20 02:13:00","1","OVERDRIVE","Minnesota Vikings","JUDGEMENT","Denver Broncos",15.7942,17.3962,33.1904,-1.6019,NA,"global","global",TRUE,TRUE,"OK"
"AF008200926","2026-09-20 02:23:00","2","KRAKEN","Philadelphia Eagles","PSYCHIC","Baltimore Ravens",16.3293,13.4167,29.746,2.9127,NA,"global","global",TRUE,TRUE,"OK"
"AF009200926","2026-09-20 02:49:00","1","JUDGEMENT","Denver Broncos","ACE","Cincinnati Bengals",15.8368,14.9172,30.7541,0.9196,NA,"global","global",TRUE,TRUE,"OK"
"AF010200926","2026-09-20 02:59:00","2","PSYCHIC","Baltimore Ravens","HURRICANE","Detroit Lions",12.8788,16.2177,29.0965,-3.3388,NA,"global","global",TRUE,TRUE,"OK"
"AF011200926","2026-09-20 03:25:00","1","ACE","Cincinnati Bengals","OVERDRIVE","Minnesota Vikings",16.8354,15.2495,32.0849,1.5859,NA,"global","global",TRUE,TRUE,"OK"
"AF023200926","2026-09-20 03:35:00","2","HURRICANE","Detroit Lions","KRAKEN","Philadelphia Eagles",17.8231,16.1883,34.0114,1.6348,NA,"global","global",TRUE,TRUE,"OK"
"AF013200926","2026-09-20 04:01:00","1","OVERDRIVE","Minnesota Vikings","ACE","Cincinnati Bengals",15.5687,16.4902,32.0589,-0.9215,NA,"global","global",TRUE,TRUE,"OK"
"AF014200926","2026-09-20 04:11:00","2","KRAKEN","Philadelphia Eagles","HURRICANE","Detroit Lions",16.5272,17.4576,33.9848,-0.9304,NA,"global","global",TRUE,TRUE,"OK"
"AF015200926","2026-09-20 04:37:00","1","OVERDRIVE","Minnesota Vikings","JUDGEMENT","Denver Broncos",15.7942,17.3962,33.1904,-1.6019,NA,"global","global",TRUE,TRUE,"OK"
"AF024200926","2026-09-20 04:47:00","2","KRAKEN","Philadelphia Eagles","PSYCHIC","Baltimore Ravens",16.3293,13.4167,29.746,2.9127,NA,"global","global",TRUE,TRUE,"OK"
"AF017200926","2026-09-20 05:13:00","1","JUDGEMENT","Denver Broncos","ACE","Cincinnati Bengals",15.8368,14.9172,30.7541,0.9196,NA,"global","global",TRUE,TRUE,"OK"
"AF025200926","2026-09-20 05:23:00","2","PSYCHIC","Baltimore Ravens","HURRICANE","Detroit Lions",12.8788,16.2177,29.0965,-3.3388,NA,"global","global",TRUE,TRUE,"OK"
"AF019200926","2026-09-20 05:49:00","1","ACE","Cincinnati Bengals","JUDGEMENT","Denver Broncos",15.2295,15.5121,30.7416,-0.2826,NA,"global","global",TRUE,TRUE,"OK"
"AF026200926","2026-09-20 05:59:00","2","HURRICANE","Detroit Lions","PSYCHIC","Baltimore Ravens",16.5572,12.6148,29.1719,3.9424,NA,"global","global",TRUE,TRUE,"OK"
"AF027200926","2026-09-20 06:25:00","1","LIZARD","Detroit Lions","HEADHUNTER","Philadelphia Eagles",20.4125,19.6919,40.1045,0.7206,NA,"global","global",TRUE,TRUE,"OK"
"AF028200926","2026-09-20 06:35:00","2","SPARK","Cincinnati Bengals","MAVERICK","Washington Commanders",16.5418,14.811,31.3528,1.7308,NA,"global","global",TRUE,TRUE,"OK"
"AF029200926","2026-09-20 07:01:00","1","FENRIR","Kansas City Chiefs","NIGHTMARE","Baltimore Ravens",19.7701,17.4416,37.2117,2.3285,NA,"global","global",TRUE,TRUE,"OK"
"AF030200926","2026-09-20 07:11:00","2","NIRVANA","Minnesota Vikings","SHURIKEN","Denver Broncos",13.5406,16.16,29.7006,-2.6194,NA,"global","global",TRUE,TRUE,"OK"
"AF031200926","2026-09-20 07:37:00","1","NIGHTMARE","Baltimore Ravens","HEADHUNTER","Philadelphia Eagles",18.6817,17.3872,36.0688,1.2945,NA,"global","global",TRUE,TRUE,"OK"
"AF032200926","2026-09-20 07:47:00","2","SHURIKEN","Denver Broncos","MAVERICK","Washington Commanders",16.7224,14.2179,30.9403,2.5045,NA,"global","global",TRUE,TRUE,"OK"
"AF033200926","2026-09-20 08:13:00","1","FENRIR","Kansas City Chiefs","LIZARD","Detroit Lions",22.3907,19.0576,41.4484,3.3331,NA,"global","global",TRUE,TRUE,"OK"
"AF034200926","2026-09-20 08:23:00","2","NIRVANA","Minnesota Vikings","SPARK","Cincinnati Bengals",14.1054,15.9855,30.0909,-1.8801,NA,"global","global",TRUE,TRUE,"OK"
"AF035200926","2026-09-20 08:49:00","1","FENRIR","Kansas City Chiefs","HEADHUNTER","Philadelphia Eagles",20.0147,16.7779,36.7927,3.2368,NA,"global","global",TRUE,TRUE,"OK"
"AF036200926","2026-09-20 08:59:00","2","NIRVANA","Minnesota Vikings","MAVERICK","Washington Commanders",15.9393,16.5124,32.4517,-0.5731,NA,"global","global",TRUE,TRUE,"OK"
"AF037200926","2026-09-20 09:25:00","1","NIGHTMARE","Baltimore Ravens","LIZARD","Detroit Lions",20.8994,19.7496,40.649,1.1498,NA,"global","global",TRUE,TRUE,"OK"
"AF038200926","2026-09-20 09:35:00","2","SHURIKEN","Denver Broncos","SPARK","Cincinnati Bengals",14.7984,13.7643,28.5626,1.0341,NA,"global","global",TRUE,TRUE,"OK"
"AF039200926","2026-09-20 10:01:00","1","HEADHUNTER","Philadelphia Eagles","LIZARD","Detroit Lions",20.1042,19.994,40.0981,0.1102,NA,"global","global",TRUE,TRUE,"OK"
"AF040200926","2026-09-20 10:11:00","2","MAVERICK","Washington Commanders","SPARK","Cincinnati Bengals",15.1211,16.2026,31.3237,-1.0816,NA,"global","global",TRUE,TRUE,"OK"
"AF041200926","2026-09-20 10:37:00","1","HEADHUNTER","Philadelphia Eagles","NIGHTMARE","Baltimore Ravens",17.7512,18.2986,36.0498,-0.5475,NA,"global","global",TRUE,TRUE,"OK"
"AF042200926","2026-09-20 10:47:00","2","MAVERICK","Washington Commanders","SHURIKEN","Denver Broncos",14.5156,16.3795,30.8951,-1.8639,NA,"global","global",TRUE,TRUE,"OK"
"AF043200926","2026-09-20 11:13:00","1","LIZARD","Detroit Lions","FENRIR","Kansas City Chiefs",19.4566,21.9316,41.3882,-2.4751,NA,"global","global",TRUE,TRUE,"OK"
"AF044200926","2026-09-20 11:23:00","2","SPARK","Cincinnati Bengals","NIRVANA","Minnesota Vikings",16.3201,13.8162,30.1363,2.504,NA,"global","global",TRUE,TRUE,"OK"
"AF046200926","2026-09-20 11:59:00","2","MAVERICK","Washington Commanders","NIRVANA","Minnesota Vikings",16.8581,15.6125,32.4705,1.2456,NA,"global","global",TRUE,TRUE,"OK"
"AF047200926","2026-09-20 12:25:00","1","LIZARD","Cincinnati Bengals","NIGHTMARE","Washington Commanders",19.994,19.0357,39.0297,0.9582,NA,"global","global",TRUE,TRUE,"OK"
"AF048200926","2026-09-20 12:35:00","2","SPARK","Philadelphia Eagles","SHURIKEN","San Francisco 49ers",14.951,14.1595,29.1106,0.7915,NA,"global","global",TRUE,TRUE,"OK"
"AF049200926","2026-09-20 13:01:00","1","NIGHTMARE","Washington Commanders","FENRIR","Denver Broncos",16.6744,20.003,36.6774,-3.3286,NA,"global","global",TRUE,TRUE,"OK"
"AF050200926","2026-09-20 13:11:00","2","SHURIKEN","San Francisco 49ers","NIRVANA","Detroit Lions",17.1186,14.9679,32.0865,2.1507,NA,"global","global",TRUE,TRUE,"OK"
"AF051200926","2026-09-20 13:37:00","1","LIZARD","Cincinnati Bengals","FENRIR","Denver Broncos",17.9712,20.955,38.9262,-2.9839,NA,"global","global",TRUE,TRUE,"OK"
"AF052200926","2026-09-20 13:47:00","2","SPARK","Philadelphia Eagles","MAVERICK","Kansas City Chiefs",16.9446,15.0727,32.0173,1.8719,NA,"global","global",TRUE,TRUE,"OK"
"AF053200926","2026-09-20 14:13:00","1","FENRIR","Denver Broncos","NIGHTMARE","Washington Commanders",20.4217,16.3325,36.7542,4.0892,NA,"global","global",TRUE,TRUE,"OK"
"AF054200926","2026-09-20 14:23:00","2","NIRVANA","Detroit Lions","SHURIKEN","San Francisco 49ers",15.2813,16.7676,32.0488,-1.4863,NA,"global","global",TRUE,TRUE,"OK"
"AF055200926","2026-09-20 14:49:00","1","NIGHTMARE","Washington Commanders","HEADHUNTER","Buffalo Bills",18.2236,18.792,37.0155,-0.5684,NA,"global","global",TRUE,TRUE,"OK"
"AF056200926","2026-09-20 14:59:00","2","SHURIKEN","San Francisco 49ers","MAVERICK","Kansas City Chiefs",16.2356,14.9366,31.1721,1.299,NA,"global","global",TRUE,TRUE,"OK"
"AF057200926","2026-09-20 15:25:00","1","FENRIR","Denver Broncos","LIZARD","Cincinnati Bengals",21.3937,17.6027,38.9964,3.791,NA,"global","global",TRUE,TRUE,"OK"
"AF058200926","2026-09-20 15:35:00","2","NIRVANA","Detroit Lions","SPARK","Philadelphia Eagles",15.4205,17.4999,32.9204,-2.0794,NA,"global","global",TRUE,TRUE,"OK"
"AF059200926","2026-09-20 16:01:00","1","FENRIR","Denver Broncos","HEADHUNTER","Buffalo Bills",20.061,16.8908,36.9518,3.1702,NA,"global","global",TRUE,TRUE,"OK"
"AF060200926","2026-09-20 16:11:00","2","NIRVANA","Detroit Lions","MAVERICK","Kansas City Chiefs",17.3189,17.8489,35.1678,-0.53,NA,"global","global",TRUE,TRUE,"OK"
"AF061200926","2026-09-20 16:37:00","1","NIGHTMARE","Washington Commanders","LIZARD","Cincinnati Bengals",19.4342,19.584,39.0182,-0.1498,NA,"global","global",TRUE,TRUE,"OK"
"AF062200926","2026-09-20 16:47:00","2","SHURIKEN","San Francisco 49ers","SPARK","Philadelphia Eagles",14.4559,14.6445,29.1004,-0.1885,NA,"global","global",TRUE,TRUE,"OK"
"AF064200926","2026-09-20 17:23:00","2","MAVERICK","Kansas City Chiefs","SPARK","Philadelphia Eagles",15.3882,16.5972,31.9854,-1.209,NA,"global","global",TRUE,TRUE,"OK"
"AF065200926","2026-09-20 17:49:00","1","HEADHUNTER","Buffalo Bills","NIGHTMARE","Washington Commanders",19.1854,17.8499,37.0353,1.3355,NA,"global","global",TRUE,TRUE,"OK"
"AF066200926","2026-09-20 17:59:00","2","NIRVANA","Detroit Lions","SHURIKEN","San Francisco 49ers",15.2813,16.7676,32.0488,-1.4863,NA,"global","global",TRUE,TRUE,"OK"
"AF067200926","2026-09-20 18:25:00","1","AVATAR","Kansas City Chiefs","KEVLAR","Detroit Lions",21.3806,21.339,42.7196,0.0416,NA,"global","global",TRUE,TRUE,"OK"
"AF068200926","2026-09-20 18:35:00","2","HURRICANE","Minnesota Vikings","ROCKET","Washington Commanders",16.4191,14.9636,31.3827,1.4556,NA,"global","global",TRUE,TRUE,"OK"
"AF069200926","2026-09-20 19:01:00","1","PRECISION","Philadelphia Eagles","LEO","Baltimore Ravens",22.5337,21.6488,44.1824,0.8849,NA,"global","global",TRUE,TRUE,"OK"
"AF070200926","2026-09-20 19:11:00","2","PSYCHIC","Buffalo Bills","IMPERIAL","Cincinnati Bengals",15.0244,16.1164,31.1407,-1.092,NA,"global","global",TRUE,TRUE,"OK"
"AF071200926","2026-09-20 19:37:00","1","LEO","Baltimore Ravens","KEVLAR","Detroit Lions",20.3142,21.0785,41.3927,-0.7643,NA,"global","global",TRUE,TRUE,"OK"
"AF072200926","2026-09-20 19:47:00","2","IMPERIAL","Cincinnati Bengals","ROCKET","Washington Commanders",17.6552,17.0838,34.739,0.5714,NA,"global","global",TRUE,TRUE,"OK"
"AF073200926","2026-09-20 20:13:00","1","PRECISION","Philadelphia Eagles","AVATAR","Kansas City Chiefs",22.8122,22.7852,45.5974,0.027,NA,"global","global",TRUE,TRUE,"OK"
"AF074200926","2026-09-20 20:23:00","2","PSYCHIC","Buffalo Bills","HURRICANE","Minnesota Vikings",13.1597,14.9881,28.1478,-1.8284,NA,"global","global",TRUE,TRUE,"OK"
"AF075200926","2026-09-20 20:49:00","1","PRECISION","Philadelphia Eagles","KEVLAR","Detroit Lions",20.0432,20.3988,40.442,-0.3556,NA,"global","global",TRUE,TRUE,"OK"
"AF076200926","2026-09-20 20:59:00","2","PSYCHIC","Buffalo Bills","ROCKET","Washington Commanders",14.9723,15.8662,30.8385,-0.8938,NA,"global","global",TRUE,TRUE,"OK"
"AF077200926","2026-09-20 21:25:00","1","LEO","Baltimore Ravens","AVATAR","Kansas City Chiefs",23.1207,23.5444,46.6651,-0.4237,NA,"global","global",TRUE,TRUE,"OK"
"AF078200926","2026-09-20 21:35:00","2","IMPERIAL","Cincinnati Bengals","HURRICANE","Minnesota Vikings",15.5178,16.1384,31.6561,-0.6206,NA,"global","global",TRUE,TRUE,"OK"
"AF079200926","2026-09-20 22:01:00","1","KEVLAR","Detroit Lions","AVATAR","Kansas City Chiefs",21.7857,20.9422,42.7279,0.8435,NA,"global","global",TRUE,TRUE,"OK"
"AF080200926","2026-09-20 22:11:00","2","ROCKET","Washington Commanders","HURRICANE","Minnesota Vikings",15.2768,16.0825,31.3593,-0.8056,NA,"global","global",TRUE,TRUE,"OK"
"AF082200926","2026-09-20 22:47:00","2","ROCKET","Washington Commanders","IMPERIAL","Cincinnati Bengals",17.4415,17.2932,34.7346,0.1483,NA,"global","global",TRUE,TRUE,"OK"
"AF083200926","2026-09-20 23:13:00","1","AVATAR","Kansas City Chiefs","PRECISION","Philadelphia Eagles",23.2622,22.3444,45.6066,0.9178,NA,"global","global",TRUE,TRUE,"OK"
"AF084200926","2026-09-20 23:23:00","2","HURRICANE","Minnesota Vikings","PSYCHIC","Buffalo Bills",15.3018,12.8899,28.1917,2.412,NA,"global","global",TRUE,TRUE,"OK"
"AF086200926","2026-09-20 23:59:00","2","ROCKET","Washington Commanders","PSYCHIC","Buffalo Bills",16.1983,14.6653,30.8636,1.533,NA,"global","global",TRUE,TRUE,"OK"
"AF001210926","2026-09-21 00:25:00","1","AVATAR","Minnesota Vikings","LEO","Cincinnati Bengals",23.5054,22.0098,45.5152,1.4955,NA,"global","global",TRUE,TRUE,"OK"
"AF002210926","2026-09-21 00:35:00","2","HURRICANE","San Francisco 49ers","IMPERIAL","Baltimore Ravens",16.4437,15.5483,31.9921,0.8954,NA,"global","global",TRUE,TRUE,"OK"
"AF003210926","2026-09-21 01:01:00","1","LEO","Cincinnati Bengals","PRECISION","Buffalo Bills",22.3378,23.2353,45.5732,-0.8975,NA,"global","global",TRUE,TRUE,"OK"
"AF005210926","2026-09-21 01:37:00","1","AVATAR","Minnesota Vikings","KEVLAR","Denver Broncos",19.5114,19.3752,38.8866,0.1362,NA,"global","global",TRUE,TRUE,"OK"
"AF006210926","2026-09-21 01:47:00","2","HURRICANE","San Francisco 49ers","ROCKET","Philadelphia Eagles",16.0741,16.4662,32.5403,-0.3921,NA,"global","global",TRUE,TRUE,"OK"
"AF007210926","2026-09-21 02:13:00","1","PRECISION","Buffalo Bills","LEO","Cincinnati Bengals",23.7217,21.8798,45.6015,1.8419,NA,"global","global",TRUE,TRUE,"OK"
"AF009210926","2026-09-21 02:49:00","1","LEO","Cincinnati Bengals","KEVLAR","Denver Broncos",19.2331,19.9783,39.2114,-0.7453,NA,"global","global",TRUE,TRUE,"OK"
"AF010210926","2026-09-21 02:59:00","2","IMPERIAL","Baltimore Ravens","ROCKET","Philadelphia Eagles",17.0703,18.1146,35.1849,-1.0442,NA,"global","global",TRUE,TRUE,"OK"
"AF011210926","2026-09-21 03:25:00","1","PRECISION","Buffalo Bills","AVATAR","Minnesota Vikings",23.0056,22.1964,45.202,0.8092,NA,"global","global",TRUE,TRUE,"OK"
"AF012210926","2026-09-21 03:35:00","2","PSYCHIC","Detroit Lions","HURRICANE","San Francisco 49ers",13.1244,15.7006,28.8251,-2.5762,NA,"global","global",TRUE,TRUE,"OK"
"AF016210926","2026-09-21 04:47:00","2","IMPERIAL","Baltimore Ravens","HURRICANE","San Francisco 49ers",15.8738,16.1066,31.9804,-0.2327,NA,"global","global",TRUE,TRUE,"OK"
"AF017210926","2026-09-21 05:13:00","1","KEVLAR","Denver Broncos","AVATAR","Minnesota Vikings",19.7808,19.1113,38.8921,0.6695,NA,"global","global",TRUE,TRUE,"OK"
"AF018210926","2026-09-21 05:23:00","2","ROCKET","Philadelphia Eagles","HURRICANE","San Francisco 49ers",16.8109,15.7445,32.5554,1.0664,NA,"global","global",TRUE,TRUE,"OK"
"AF021210926","2026-09-21 06:25:00","1","FENRIR","San Francisco 49ers","HEADHUNTER","Kansas City Chiefs",19.9315,15.8967,35.8282,4.0349,NA,"global","global",TRUE,TRUE,"OK"
"AF022210926","2026-09-21 06:35:00","2","ENFORCER","Denver Broncos","MERCURY","Cincinnati Bengals",14.5414,14.6198,29.1612,-0.0784,NA,"global","global",TRUE,TRUE,"OK"
"AF023210926","2026-09-21 07:01:00","1","GADGET","Baltimore Ravens","REGRET","Philadelphia Eagles",18.7774,18.275,37.0524,0.5024,NA,"global","global",TRUE,TRUE,"OK"
"AF061210926","2026-09-21 07:11:00","2","ENFORCER","Denver Broncos","ORIGINAL","Minnesota Vikings",13.243,12.8445,26.0875,0.3985,NA,"global","global",TRUE,TRUE,"OK"
"AF025210926","2026-09-21 07:37:00","1","REGRET","Philadelphia Eagles","HEADHUNTER","Kansas City Chiefs",17.1473,19.2711,36.4184,-2.1239,NA,"global","global",TRUE,TRUE,"OK"
"AF026210926","2026-09-21 07:47:00","2","ORIGINAL","Minnesota Vikings","MERCURY","Cincinnati Bengals",13.9467,14.1605,28.1072,-0.2138,NA,"global","global",TRUE,TRUE,"OK"
"AF027210926","2026-09-21 08:13:00","1","GADGET","Baltimore Ravens","FENRIR","San Francisco 49ers",15.4894,21.2424,36.7318,-5.753,NA,"global","global",TRUE,TRUE,"OK"
"AF062210926","2026-09-21 08:23:00","2","MERCURY","Cincinnati Bengals","ENFORCER","Denver Broncos",14.9259,14.2432,29.1691,0.6826,NA,"global","global",TRUE,TRUE,"OK"
"AF029210926","2026-09-21 08:49:00","1","GADGET","Baltimore Ravens","HEADHUNTER","Kansas City Chiefs",16.6788,18.625,35.3038,-1.9462,NA,"global","global",TRUE,TRUE,"OK"
"AF063210926","2026-09-21 08:59:00","2","ORIGINAL","Minnesota Vikings","MERCURY","Cincinnati Bengals",13.9467,14.1605,28.1072,-0.2138,NA,"global","global",TRUE,TRUE,"OK"
"AF031210926","2026-09-21 09:25:00","1","REGRET","Philadelphia Eagles","FENRIR","San Francisco 49ers",15.9244,21.9793,37.9038,-6.0549,NA,"global","global",TRUE,TRUE,"OK"
"AF032210926","2026-09-21 09:35:00","2","ORIGINAL","Minnesota Vikings","ENFORCER","Denver Broncos",13.1134,12.9715,26.0848,0.1419,NA,"global","global",TRUE,TRUE,"OK"
"AF033210926","2026-09-21 10:01:00","1","HEADHUNTER","Kansas City Chiefs","FENRIR","San Francisco 49ers",16.2294,19.5228,35.7523,-3.2934,NA,"global","global",TRUE,TRUE,"OK"
"AF034210926","2026-09-21 10:11:00","2","MERCURY","Cincinnati Bengals","ENFORCER","Denver Broncos",14.9259,14.2432,29.1691,0.6826,NA,"global","global",TRUE,TRUE,"OK"
"AF035210926","2026-09-21 10:37:00","1","HEADHUNTER","Kansas City Chiefs","REGRET","Philadelphia Eagles",19.6746,16.7957,36.4702,2.8789,NA,"global","global",TRUE,TRUE,"OK"
"AF036210926","2026-09-21 10:47:00","2","MERCURY","Cincinnati Bengals","ORIGINAL","Minnesota Vikings",14.4569,13.6607,28.1177,0.7962,NA,"global","global",TRUE,TRUE,"OK"
"AF037210926","2026-09-21 11:13:00","1","FENRIR","San Francisco 49ers","GADGET","Baltimore Ravens",21.6871,15.1718,36.8589,6.5153,NA,"global","global",TRUE,TRUE,"OK"
"AF039210926","2026-09-21 11:49:00","1","HEADHUNTER","Kansas City Chiefs","GADGET","Baltimore Ravens",19.0149,16.3368,35.3517,2.6781,NA,"global","global",TRUE,TRUE,"OK"
"AF041210926","2026-09-21 12:25:00","1","FENRIR","Washington Commanders","REGRET","Buffalo Bills",22.6668,16.5012,39.1681,6.1656,NA,"global","global",TRUE,TRUE,"OK"
"AF066210926","2026-09-21 13:11:00","2","ORIGINAL","San Francisco 49ers","MERCURY","Kansas City Chiefs",14.3035,14.3332,28.6367,-0.0298,NA,"global","global",TRUE,TRUE,"OK"
"AF045210926","2026-09-21 13:37:00","1","FENRIR","Washington Commanders","GADGET","Minnesota Vikings",21.6476,14.7526,36.4002,6.895,NA,"global","global",TRUE,TRUE,"OK"
"AF046210926","2026-09-21 13:47:00","2","ENFORCER","Baltimore Ravens","MERCURY","Kansas City Chiefs",15.0095,14.5101,29.5196,0.4993,NA,"global","global",TRUE,TRUE,"OK"
"AF047210926","2026-09-21 14:13:00","1","GADGET","Minnesota Vikings","REGRET","Buffalo Bills",18.1001,18.9387,37.0388,-0.8386,NA,"global","global",TRUE,TRUE,"OK"
"AF067210926","2026-09-21 14:23:00","2","ENFORCER","Baltimore Ravens","ORIGINAL","San Francisco 49ers",13.8049,13.0448,26.8497,0.7601,NA,"global","global",TRUE,TRUE,"OK"
"AF050210926","2026-09-21 14:59:00","2","ORIGINAL","San Francisco 49ers","MERCURY","Kansas City Chiefs",14.3035,14.3332,28.6367,-0.0298,NA,"global","global",TRUE,TRUE,"OK"
"AF051210926","2026-09-21 15:25:00","1","GADGET","Minnesota Vikings","FENRIR","Washington Commanders",15.0614,21.2037,36.2652,-6.1423,NA,"global","global",TRUE,TRUE,"OK"
"AF068210926","2026-09-21 15:35:00","2","MERCURY","Kansas City Chiefs","ENFORCER","Baltimore Ravens",14.8139,14.7017,29.5155,0.1122,NA,"global","global",TRUE,TRUE,"OK"
"AF053210926","2026-09-21 16:01:00","1","GADGET","Minnesota Vikings","HEADHUNTER","Cincinnati Bengals",15.7049,18.7985,34.5034,-3.0936,NA,"global","global",TRUE,TRUE,"OK"
"AF055210926","2026-09-21 16:37:00","1","REGRET","Buffalo Bills","FENRIR","Washington Commanders",16.8467,22.202,39.0487,-5.3553,NA,"global","global",TRUE,TRUE,"OK"
"AF057210926","2026-09-21 17:13:00","1","HEADHUNTER","Cincinnati Bengals","FENRIR","Washington Commanders",16.722,19.264,35.986,-2.542,NA,"global","global",TRUE,TRUE,"OK"
"AF058210926","2026-09-21 17:23:00","2","MERCURY","Kansas City Chiefs","ENFORCER","Baltimore Ravens",14.8139,14.7017,29.5155,0.1122,NA,"global","global",TRUE,TRUE,"OK"
"AF059210926","2026-09-21 17:49:00","1","HEADHUNTER","Cincinnati Bengals","REGRET","Buffalo Bills",20.0956,17.2062,37.3018,2.8894,NA,"global","global",TRUE,TRUE,"OK"
"AF071210926","2026-09-21 18:25:00","1","LYNX","Philadelphia Eagles","OFFICER","Baltimore Ravens",19.1928,21.5446,40.7374,-2.3519,NA,"global","global",TRUE,TRUE,"OK"
"AF073210926","2026-09-21 19:01:00","1","LEGEND","Detroit Lions","MEMENTO","San Francisco 49ers",21.6133,20.4785,42.0917,1.1348,NA,"global","global",TRUE,TRUE,"OK"
"AF074210926","2026-09-21 19:11:00","2","ACE","Buffalo Bills","STRIDER","Denver Broncos",15.9648,13.2285,29.1932,2.7363,NA,"global","global",TRUE,TRUE,"OK"
"AF075210926","2026-09-21 19:37:00","1","MEMENTO","San Francisco 49ers","OFFICER","Baltimore Ravens",20.6015,25.0272,45.6288,-4.4257,NA,"global","global",TRUE,TRUE,"OK"
"AF076210926","2026-09-21 19:47:00","2","STRIDER","Denver Broncos","OVERDRIVE","Cincinnati Bengals",15.3357,15.7826,31.1182,-0.4469,NA,"global","global",TRUE,TRUE,"OK"
"AF077210926","2026-09-21 20:13:00","1","LEGEND","Detroit Lions","LYNX","Philadelphia Eagles",18.6057,19.0781,37.6838,-0.4724,NA,"global","global",TRUE,TRUE,"OK"
"AF091210926","2026-09-21 20:23:00","2","ACE","Buffalo Bills","STRIDER","Denver Broncos",15.9648,13.2285,29.1932,2.7363,NA,"global","global",TRUE,TRUE,"OK"
"AF079210926","2026-09-21 20:49:00","1","LEGEND","Detroit Lions","OFFICER","Baltimore Ravens",21.1472,24.8509,45.9982,-3.7037,NA,"global","global",TRUE,TRUE,"OK"
"AF080210926","2026-09-21 20:59:00","2","ACE","Buffalo Bills","OVERDRIVE","Cincinnati Bengals",18.4251,16.041,34.4661,2.3842,NA,"global","global",TRUE,TRUE,"OK"
"AF081210926","2026-09-21 21:25:00","1","MEMENTO","San Francisco 49ers","LYNX","Philadelphia Eagles",18.1256,19.2135,37.3391,-1.0879,NA,"global","global",TRUE,TRUE,"OK"
"AF092210926","2026-09-21 21:35:00","2","STRIDER","Denver Broncos","ACE","Buffalo Bills",13.5054,15.6374,29.1428,-2.132,NA,"global","global",TRUE,TRUE,"OK"
"AF083210926","2026-09-21 22:01:00","1","OFFICER","Baltimore Ravens","LYNX","Philadelphia Eagles",21.9957,18.7992,40.7949,3.1964,NA,"global","global",TRUE,TRUE,"OK"
"AF093210926","2026-09-21 22:11:00","2","STRIDER","Denver Broncos","OVERDRIVE","Cincinnati Bengals",15.3357,15.7826,31.1182,-0.4469,NA,"global","global",TRUE,TRUE,"OK"
"AF085210926","2026-09-21 22:37:00","1","OFFICER","Baltimore Ravens","MEMENTO","San Francisco 49ers",25.5512,20.1791,45.7303,5.3721,NA,"global","global",TRUE,TRUE,"OK"
"AF086210926","2026-09-21 22:47:00","2","OVERDRIVE","Cincinnati Bengals","STRIDER","Denver Broncos",16.113,15.0212,31.1342,1.0918,NA,"global","global",TRUE,TRUE,"OK"
"AF087210926","2026-09-21 23:13:00","1","LYNX","Philadelphia Eagles","LEGEND","Detroit Lions",19.4775,18.2242,37.7017,1.2533,NA,"global","global",TRUE,TRUE,"OK"
"AF094210926","2026-09-21 23:23:00","2","OVERDRIVE","Cincinnati Bengals","ACE","Buffalo Bills",16.3768,18.0473,34.4241,-1.6706,NA,"global","global",TRUE,TRUE,"OK"
"AF089210926","2026-09-21 23:49:00","1","OFFICER","Baltimore Ravens","LEGEND","Detroit Lions",25.3712,20.7136,46.0848,4.6575,NA,"global","global",TRUE,TRUE,"OK"
"AF095210926","2026-09-21 23:59:00","2","STRIDER","Denver Broncos","ACE","Buffalo Bills",13.5054,15.6374,29.1428,-2.132,NA,"global","global",TRUE,TRUE,"OK"
"AF001220926","2026-09-22 00:25:00","1","LYNX","Buffalo Bills","MEMENTO","Washington Commanders",20.7517,17.9338,38.6855,2.8179,NA,"global","global",TRUE,TRUE,"OK"
"AF061220926","2026-09-22 00:35:00","2","STRIDER","Detroit Lions","OVERDRIVE","Baltimore Ravens",16.1801,16.6698,32.8499,-0.4896,NA,"global","global",TRUE,TRUE,"OK"
"AF003220926","2026-09-22 01:01:00","1","MEMENTO","Washington Commanders","LEGEND","Cincinnati Bengals",20.1321,20.5481,40.6802,-0.416,NA,"global","global",TRUE,TRUE,"OK"
"AF004220926","2026-09-22 01:11:00","2","STRIDER","Detroit Lions","ACE","Philadelphia Eagles",14.3034,15.9171,30.2205,-1.6137,NA,"global","global",TRUE,TRUE,"OK"
"AF005220926","2026-09-22 01:37:00","1","LYNX","Buffalo Bills","OFFICER","Minnesota Vikings",19.8898,20.7675,40.6573,-0.8776,NA,"global","global",TRUE,TRUE,"OK"
"AF062220926","2026-09-22 01:47:00","2","ACE","Philadelphia Eagles","OVERDRIVE","Baltimore Ravens",17.5023,15.8716,33.3739,1.6308,NA,"global","global",TRUE,TRUE,"OK"
"AF007220926","2026-09-22 02:13:00","1","LEGEND","Cincinnati Bengals","MEMENTO","Washington Commanders",20.9783,19.7193,40.6976,1.259,NA,"global","global",TRUE,TRUE,"OK"
"AF008220926","2026-09-22 02:23:00","2","ACE","Philadelphia Eagles","STRIDER","Detroit Lions",16.2503,14.0101,30.2604,2.2402,NA,"global","global",TRUE,TRUE,"OK"
"AF009220926","2026-09-22 02:49:00","1","MEMENTO","Washington Commanders","OFFICER","Minnesota Vikings",20.564,24.3358,44.8998,-3.7717,NA,"global","global",TRUE,TRUE,"OK"
"AF010220926","2026-09-22 02:59:00","2","STRIDER","Detroit Lions","OVERDRIVE","Baltimore Ravens",16.1801,16.6698,32.8499,-0.4896,NA,"global","global",TRUE,TRUE,"OK"
"AF011220926","2026-09-22 03:25:00","1","LEGEND","Cincinnati Bengals","LYNX","Buffalo Bills",17.9023,19.0728,36.975,-1.1705,NA,"global","global",TRUE,TRUE,"OK"
"AF063220926","2026-09-22 03:35:00","2","OVERDRIVE","Baltimore Ravens","ACE","Philadelphia Eagles",16.2038,17.1435,33.3473,-0.9396,NA,"global","global",TRUE,TRUE,"OK"
"AF013220926","2026-09-22 04:01:00","1","LEGEND","Cincinnati Bengals","OFFICER","Minnesota Vikings",20.107,22.8351,42.942,-2.7281,NA,"global","global",TRUE,TRUE,"OK"
"AF014220926","2026-09-22 04:11:00","2","ACE","Philadelphia Eagles","OVERDRIVE","Baltimore Ravens",17.5023,15.8716,33.3739,1.6308,NA,"global","global",TRUE,TRUE,"OK"
"AF015220926","2026-09-22 04:37:00","1","MEMENTO","Washington Commanders","LYNX","Buffalo Bills",18.3092,20.3262,38.6355,-2.017,NA,"global","global",TRUE,TRUE,"OK"
"AF064220926","2026-09-22 04:47:00","2","ACE","Philadelphia Eagles","STRIDER","Detroit Lions",16.2503,14.0101,30.2604,2.2402,NA,"global","global",TRUE,TRUE,"OK"
"AF017220926","2026-09-22 05:13:00","1","OFFICER","Minnesota Vikings","LYNX","Buffalo Bills",21.2022,19.482,40.6842,1.7202,NA,"global","global",TRUE,TRUE,"OK"
"AF019220926","2026-09-22 05:49:00","1","LEGEND","Cincinnati Bengals","MEMENTO","Washington Commanders",20.9783,19.7193,40.6976,1.259,NA,"global","global",TRUE,TRUE,"OK"
"AF021220926","2026-09-22 06:25:00","1","FENRIR","Philadelphia Eagles","FUSE","Kansas City Chiefs",20.0527,19.6968,39.7495,0.3559,NA,"global","global",TRUE,TRUE,"OK"
"AF022220926","2026-09-22 06:35:00","2","NIRVANA","Cincinnati Bengals","SHURIKEN","Washington Commanders",14.8323,16.146,30.9783,-1.3136,NA,"global","global",TRUE,TRUE,"OK"
"AF023220926","2026-09-22 07:01:00","1","KILLJOY","Detroit Lions","MERLIN","Baltimore Ravens",18.1124,17.5195,35.6319,0.593,NA,"global","global",TRUE,TRUE,"OK"
"AF024220926","2026-09-22 07:11:00","2","SPARK","Buffalo Bills","SHURIKEN","Washington Commanders",15.8169,14.303,30.1199,1.5139,NA,"global","global",TRUE,TRUE,"OK"
"AF025220926","2026-09-22 07:37:00","1","MERLIN","Baltimore Ravens","FUSE","Kansas City Chiefs",18.8568,18.1931,37.0499,0.6637,NA,"global","global",TRUE,TRUE,"OK"
"AF026220926","2026-09-22 07:47:00","2","NIRVANA","Cincinnati Bengals","SHURIKEN","Washington Commanders",14.8323,16.146,30.9783,-1.3136,NA,"global","global",TRUE,TRUE,"OK"
"AF027220926","2026-09-22 08:13:00","1","KILLJOY","Detroit Lions","FENRIR","Philadelphia Eagles",19.6095,18.6305,38.24,0.979,NA,"global","global",TRUE,TRUE,"OK"
"AF028220926","2026-09-22 08:23:00","2","SPARK","Buffalo Bills","NIRVANA","Cincinnati Bengals",17.8612,14.5333,32.3945,3.3279,NA,"global","global",TRUE,TRUE,"OK"
"AF029220926","2026-09-22 08:49:00","1","KILLJOY","Detroit Lions","FUSE","Kansas City Chiefs",20.0441,19.097,39.1412,0.9471,NA,"global","global",TRUE,TRUE,"OK"
"AF030220926","2026-09-22 08:59:00","2","SPARK","Buffalo Bills","SHURIKEN","Washington Commanders",15.8169,14.303,30.1199,1.5139,NA,"global","global",TRUE,TRUE,"OK"
"AF031220926","2026-09-22 09:25:00","1","MERLIN","Baltimore Ravens","FENRIR","Philadelphia Eagles",18.4479,17.7486,36.1966,0.6993,NA,"global","global",TRUE,TRUE,"OK"
"AF032220926","2026-09-22 09:35:00","2","SPARK","Buffalo Bills","NIRVANA","Cincinnati Bengals",17.8612,14.5333,32.3945,3.3279,NA,"global","global",TRUE,TRUE,"OK"
"AF033220926","2026-09-22 10:01:00","1","FUSE","Kansas City Chiefs","FENRIR","Philadelphia Eagles",20.1091,19.6415,39.7507,0.4676,NA,"global","global",TRUE,TRUE,"OK"
"AF034220926","2026-09-22 10:11:00","2","SHURIKEN","Washington Commanders","NIRVANA","Cincinnati Bengals",16.484,14.5282,31.0122,1.9558,NA,"global","global",TRUE,TRUE,"OK"
"AF035220926","2026-09-22 10:37:00","1","FUSE","Kansas City Chiefs","MERLIN","Baltimore Ravens",18.5739,18.4702,37.0441,0.1038,NA,"global","global",TRUE,TRUE,"OK"
"AF036220926","2026-09-22 10:47:00","2","SHURIKEN","Washington Commanders","SPARK","Buffalo Bills",14.6024,15.4926,30.095,-0.8902,NA,"global","global",TRUE,TRUE,"OK"
"AF037220926","2026-09-22 11:13:00","1","FENRIR","Philadelphia Eagles","KILLJOY","Detroit Lions",19.0205,19.2074,38.2279,-0.1869,NA,"global","global",TRUE,TRUE,"OK"
"AF038220926","2026-09-22 11:23:00","2","NIRVANA","Cincinnati Bengals","SPARK","Buffalo Bills",14.8375,17.4949,32.3325,-2.6574,NA,"global","global",TRUE,TRUE,"OK"
"AF040220926","2026-09-22 11:59:00","2","SHURIKEN","Washington Commanders","SPARK","Buffalo Bills",14.6024,15.4926,30.095,-0.8902,NA,"global","global",TRUE,TRUE,"OK"
"AF041220926","2026-09-22 12:25:00","1","FENRIR","Minnesota Vikings","MERLIN","Buffalo Bills",16.9416,19.3061,36.2478,-2.3645,NA,"global","global",TRUE,TRUE,"OK"
"AF042220926","2026-09-22 12:35:00","2","NIRVANA","Detroit Lions","SHURIKEN","San Francisco 49ers",15.2813,16.7676,32.0488,-1.4863,NA,"global","global",TRUE,TRUE,"OK"
"AF044220926","2026-09-22 13:11:00","2","NIRVANA","Detroit Lions","SPARK","Philadelphia Eagles",15.4205,17.4999,32.9204,-2.0794,NA,"global","global",TRUE,TRUE,"OK"
"AF045220926","2026-09-22 13:37:00","1","FENRIR","Minnesota Vikings","FUSE","Denver Broncos",17.8711,19.3717,37.2428,-1.5006,NA,"global","global",TRUE,TRUE,"OK"
"AF046220926","2026-09-22 13:47:00","2","NIRVANA","Detroit Lions","SHURIKEN","San Francisco 49ers",15.2813,16.7676,32.0488,-1.4863,NA,"global","global",TRUE,TRUE,"OK"
"AF048220926","2026-09-22 14:23:00","2","SPARK","Philadelphia Eagles","SHURIKEN","San Francisco 49ers",14.951,14.1595,29.1106,0.7915,NA,"global","global",TRUE,TRUE,"OK"
"AF049220926","2026-09-22 14:49:00","1","MERLIN","Buffalo Bills","FUSE","Denver Broncos",19.7103,18.3641,38.0744,1.3462,NA,"global","global",TRUE,TRUE,"OK"
"AF050220926","2026-09-22 14:59:00","2","NIRVANA","Detroit Lions","SHURIKEN","San Francisco 49ers",15.2813,16.7676,32.0488,-1.4863,NA,"global","global",TRUE,TRUE,"OK"
"AF051220926","2026-09-22 15:25:00","1","KILLJOY","Cincinnati Bengals","FENRIR","Minnesota Vikings",18.5139,16.4881,35.002,2.0258,NA,"global","global",TRUE,TRUE,"OK"
"AF052220926","2026-09-22 15:35:00","2","SPARK","Philadelphia Eagles","NIRVANA","Detroit Lions",17.8662,15.1043,32.9705,2.7619,NA,"global","global",TRUE,TRUE,"OK"
"AF054220926","2026-09-22 16:11:00","2","SPARK","Philadelphia Eagles","SHURIKEN","San Francisco 49ers",14.951,14.1595,29.1106,0.7915,NA,"global","global",TRUE,TRUE,"OK"
"AF055220926","2026-09-22 16:37:00","1","MERLIN","Buffalo Bills","FENRIR","Minnesota Vikings",19.7103,16.5942,36.3045,3.116,NA,"global","global",TRUE,TRUE,"OK"
"AF056220926","2026-09-22 16:47:00","2","SPARK","Philadelphia Eagles","NIRVANA","Detroit Lions",17.8662,15.1043,32.9705,2.7619,NA,"global","global",TRUE,TRUE,"OK"
"AF057220926","2026-09-22 17:13:00","1","FUSE","Denver Broncos","FENRIR","Minnesota Vikings",19.7772,17.5047,37.2819,2.2725,NA,"global","global",TRUE,TRUE,"OK"
"AF058220926","2026-09-22 17:23:00","2","SHURIKEN","San Francisco 49ers","NIRVANA","Detroit Lions",17.1186,14.9679,32.0865,2.1507,NA,"global","global",TRUE,TRUE,"OK"
"AF060220926","2026-09-22 17:59:00","2","SHURIKEN","San Francisco 49ers","SPARK","Philadelphia Eagles",14.4559,14.6445,29.1004,-0.1885,NA,"global","global",TRUE,TRUE,"OK"
"AF067220926","2026-09-22 18:25:00","1","PATHFINDER","Detroit Lions","HERMES","Kansas City Chiefs",18.4204,16.9955,35.4159,1.4248,NA,"global","global",TRUE,TRUE,"OK"
"AF068220926","2026-09-22 18:35:00","2","SAGE","Washington Commanders","HURRICANE","Cincinnati Bengals",13.4602,14.6449,28.1051,-1.1847,NA,"global","global",TRUE,TRUE,"OK"
"AF069220926","2026-09-22 19:01:00","1","LYNX","Philadelphia Eagles","PRECISION","Baltimore Ravens",19.3618,17.816,37.1778,1.5457,NA,"global","global",TRUE,TRUE,"OK"
"AF087220926","2026-09-22 19:11:00","2","KATANA","Buffalo Bills","HURRICANE","Cincinnati Bengals",15.308,14.8545,30.1625,0.4535,NA,"global","global",TRUE,TRUE,"OK"
"AF071220926","2026-09-22 19:37:00","1","PRECISION","Baltimore Ravens","HERMES","Kansas City Chiefs",19.6366,18.0902,37.7268,1.5465,NA,"global","global",TRUE,TRUE,"OK"
"AF088220926","2026-09-22 19:47:00","2","SAGE","Washington Commanders","HURRICANE","Cincinnati Bengals",13.4602,14.6449,28.1051,-1.1847,NA,"global","global",TRUE,TRUE,"OK"
"AF073220926","2026-09-22 20:13:00","1","LYNX","Philadelphia Eagles","PATHFINDER","Detroit Lions",18.1902,16.7125,34.9027,1.4777,NA,"global","global",TRUE,TRUE,"OK"
"AF074220926","2026-09-22 20:23:00","2","KATANA","Buffalo Bills","SAGE","Washington Commanders",14.8905,13.0081,27.8986,1.8823,NA,"global","global",TRUE,TRUE,"OK"
"AF075220926","2026-09-22 20:49:00","1","LYNX","Philadelphia Eagles","HERMES","Kansas City Chiefs",18.2301,15.7771,34.0072,2.453,NA,"global","global",TRUE,TRUE,"OK"
"AF076220926","2026-09-22 20:59:00","2","KATANA","Buffalo Bills","HURRICANE","Cincinnati Bengals",15.308,14.8545,30.1625,0.4535,NA,"global","global",TRUE,TRUE,"OK"
"AF077220926","2026-09-22 21:25:00","1","PRECISION","Baltimore Ravens","PATHFINDER","Detroit Lions",19.5936,19.1627,38.7563,0.431,NA,"global","global",TRUE,TRUE,"OK"
"AF089220926","2026-09-22 21:35:00","2","KATANA","Buffalo Bills","SAGE","Washington Commanders",14.8905,13.0081,27.8986,1.8823,NA,"global","global",TRUE,TRUE,"OK"
"AF079220926","2026-09-22 22:01:00","1","HERMES","Kansas City Chiefs","PATHFINDER","Detroit Lions",17.3513,18.0426,35.394,-0.6913,NA,"global","global",TRUE,TRUE,"OK"
"AF080220926","2026-09-22 22:11:00","2","HURRICANE","Cincinnati Bengals","SAGE","Washington Commanders",14.9515,13.1842,28.1357,1.7673,NA,"global","global",TRUE,TRUE,"OK"
"AF081220926","2026-09-22 22:37:00","1","HERMES","Kansas City Chiefs","PRECISION","Baltimore Ravens",18.4689,19.234,37.7029,-0.7651,NA,"global","global",TRUE,TRUE,"OK"
"AF090220926","2026-09-22 22:47:00","2","HURRICANE","Cincinnati Bengals","KATANA","Buffalo Bills",15.1655,14.9941,30.1596,0.1714,NA,"global","global",TRUE,TRUE,"OK"
"AF084220926","2026-09-22 23:23:00","2","SAGE","Washington Commanders","KATANA","Buffalo Bills",13.2804,14.5851,27.8656,-1.3047,NA,"global","global",TRUE,TRUE,"OK"
"AF085220926","2026-09-22 23:49:00","1","HERMES","Kansas City Chiefs","LYNX","Philadelphia Eagles",16.1074,17.8563,33.9637,-1.7489,NA,"global","global",TRUE,TRUE,"OK"
"AF086220926","2026-09-22 23:59:00","2","HURRICANE","Cincinnati Bengals","KATANA","Buffalo Bills",15.1655,14.9941,30.1596,0.1714,NA,"global","global",TRUE,TRUE,"OK"
