MATCH_CODE,SPORT_CODE,STREAM_NUMBER,SCHEDULED_START_TIME_UTC,PLAYER_1_HANDLE,PLAYER_1_TEAM,PLAYER_2_HANDLE,PLAYER_2_TEAM,PLAYER_1_FINAL_SCORE,PLAYER_2_FINAL_SCORE
AF052220926,AF,2,2026-09-22 15:35:00,SPARK,Philadelphia Eagles,NIRVANA,Detroit Lions,,
AF024180926,AF,2,2026-09-18 07:11:00,MERCURY,Washington Commanders,RICOCHET,Denver Broncos,,
AF085180926,AF,2,2026-09-18 23:23:00,KRAKEN,Cincinnati Bengals,LUNA,Washington Commanders,,
AF062170926,AF,2,2026-09-17 18:35:00,ASTRONAUT,Minnesota Vikings,ACE,Washington Commanders,,
AF041220926,AF,1,2026-09-22 12:25:00,FENRIR,Minnesota Vikings,MERLIN,Buffalo Bills,,
AF045170926,AF,1,2026-09-17 13:37:00,LIZARD,Minnesota Vikings,GADGET,Buffalo Bills,,
AF019200926,AF,1,2026-09-20 05:49:00,ACE,Cincinnati Bengals,JUDGEMENT,Denver Broncos,,
AF006170926,AF,2,2026-09-17 01:47:00,MIDAS,Detroit Lions,SUMMIT,Baltimore Ravens,,
AF034190926,AF,2,2026-09-19 08:23:00,STEEL,Denver Broncos,ORIGINAL,Buffalo Bills,,
AF054200926,AF,2,2026-09-20 14:23:00,NIRVANA,Detroit Lions,SHURIKEN,San Francisco 49ers,,
AF007190926,AF,1,2026-09-19 02:13:00,LYNX,Cincinnati Bengals,HERMES,Buffalo Bills,,
AF049200926,AF,1,2026-09-20 13:01:00,NIGHTMARE,Washington Commanders,FENRIR,Denver Broncos,,
AF017200926,AF,1,2026-09-20 05:13:00,JUDGEMENT,Denver Broncos,ACE,Cincinnati Bengals,,
AF058180926,AF,2,2026-09-18 17:23:00,ENFORCER,Baltimore Ravens,CLOCKWORK,Philadelphia Eagles,,
AF003200926,AF,1,2026-09-20 01:01:00,JUDGEMENT,Denver Broncos,OVERDRIVE,Minnesota Vikings,,
AF015220926,AF,1,2026-09-22 04:37:00,MEMENTO,Washington Commanders,LYNX,Buffalo Bills,,
AF071200926,AF,1,2026-09-20 19:37:00,LEO,Baltimore Ravens,KEVLAR,Detroit Lions,,
AF070200926,AF,2,2026-09-20 19:11:00,PSYCHIC,Buffalo Bills,IMPERIAL,Cincinnati Bengals,,
AF089190926,AF,2,2026-09-19 08:59:00,STEEL,Denver Broncos,PURSUIT,Cincinnati Bengals,,
AF079210926,AF,1,2026-09-21 20:49:00,LEGEND,Detroit Lions,OFFICER,Baltimore Ravens,,
AF034220926,AF,2,2026-09-22 10:11:00,SHURIKEN,Washington Commanders,NIRVANA,Cincinnati Bengals,,
AF069170926,AF,1,2026-09-17 20:49:00,HERMES,Baltimore Ravens,KEVLAR,Kansas City Chiefs,,
AF096190926,AF,2,2026-09-19 16:11:00,STEEL,Baltimore Ravens,PURSUIT,San Francisco 49ers,,
AF008180926,AF,2,2026-09-18 02:23:00,SAGE,Detroit Lions,LUNA,Baltimore Ravens,,
AF045180926,AF,1,2026-09-18 13:37:00,KILLJOY,Washington Commanders,FUSE,Denver Broncos,,
AF048190926,AF,2,2026-09-19 12:35:00,ORIGINAL,Detroit Lions,PURSUIT,San Francisco 49ers,,
AF038180926,AF,2,2026-09-18 11:23:00,CLOCKWORK,Cincinnati Bengals,MERCURY,Washington Commanders,,
AF042200926,AF,2,2026-09-20 10:47:00,MAVERICK,Washington Commanders,SHURIKEN,Denver Broncos,,
AF062190926,AF,2,2026-09-19 16:47:00,PURSUIT,San Francisco 49ers,ORIGINAL,Detroit Lions,,
AF057220926,AF,1,2026-09-22 17:13:00,FUSE,Denver Broncos,FENRIR,Minnesota Vikings,,
AF061210926,AF,2,2026-09-21 07:11:00,ENFORCER,Denver Broncos,ORIGINAL,Minnesota Vikings,,
AF010200926,AF,2,2026-09-20 02:59:00,PSYCHIC,Baltimore Ravens,HURRICANE,Detroit Lions,,
AF049190926,AF,1,2026-09-19 13:01:00,NIGHTMARE,Cincinnati Bengals,KILLJOY,Minnesota Vikings,,
AF008170926,AF,2,2026-09-17 02:23:00,MIMIC,Philadelphia Eagles,UNICORN,San Francisco 49ers,,
AF043180926,AF,1,2026-09-18 13:01:00,MERLIN,Minnesota Vikings,FENRIR,Cincinnati Bengals,,
AF059190926,AF,1,2026-09-19 16:01:00,KILLJOY,Minnesota Vikings,HEADHUNTER,Buffalo Bills,,
AF029180926,AF,1,2026-09-18 08:49:00,KILLJOY,Kansas City Chiefs,FUSE,Detroit Lions,,
AF098190926,AF,2,2026-09-19 18:35:00,KRAKEN,Cincinnati Bengals,HURRICANE,Washington Commanders,,
AF086200926,AF,2,2026-09-20 23:59:00,ROCKET,Washington Commanders,PSYCHIC,Buffalo Bills,,
AF039170926,AF,1,2026-09-17 11:49:00,GADGET,Philadelphia Eagles,HEADHUNTER,San Francisco 49ers,,
AF032200926,AF,2,2026-09-20 07:47:00,SHURIKEN,Denver Broncos,MAVERICK,Washington Commanders,,
AF004180926,AF,2,2026-09-18 01:11:00,LUNA,Baltimore Ravens,SAGE,Detroit Lions,,
AF023220926,AF,1,2026-09-22 07:01:00,KILLJOY,Detroit Lions,MERLIN,Baltimore Ravens,,
AF085160926,AF,2,2026-09-16 23:59:00,SUMMIT,Denver Broncos,MIMIC,Buffalo Bills,,
AF015170926,AF,1,2026-09-17 04:37:00,ASTRONAUT,Cincinnati Bengals,LUNA,Buffalo Bills,,
AF061200926,AF,1,2026-09-20 16:37:00,NIGHTMARE,Washington Commanders,LIZARD,Cincinnati Bengals,,
AF050170926,AF,2,2026-09-17 14:59:00,ENFORCER,Detroit Lions,MINDFLAYER,San Francisco 49ers,,
AF003210926,AF,1,2026-09-21 01:01:00,LEO,Cincinnati Bengals,PRECISION,Buffalo Bills,,
AF023190926,AF,2,2026-09-19 03:35:00,KRAKEN,Baltimore Ravens,LUNA,Detroit Lions,,
AF079170926,AF,1,2026-09-17 23:49:00,KEVLAR,Kansas City Chiefs,HERMES,Baltimore Ravens,,
AF007210926,AF,1,2026-09-21 02:13:00,PRECISION,Buffalo Bills,LEO,Cincinnati Bengals,,
AF085220926,AF,1,2026-09-22 23:49:00,HERMES,Kansas City Chiefs,LYNX,Philadelphia Eagles,,
AF067190926,AF,1,2026-09-19 18:25:00,OVERDRIVE,Philadelphia Eagles,ACE,Baltimore Ravens,,
AF007220926,AF,1,2026-09-22 02:13:00,LEGEND,Cincinnati Bengals,MEMENTO,Washington Commanders,,
AF065180926,AF,1,2026-09-18 19:37:00,HERMES,Baltimore Ravens,MEMENTO,Kansas City Chiefs,,
AF022200926,AF,2,2026-09-20 01:47:00,KRAKEN,Philadelphia Eagles,HURRICANE,Detroit Lions,,
AF075180926,AF,1,2026-09-18 22:37:00,MEMENTO,Kansas City Chiefs,HERMES,Baltimore Ravens,,
AF087190926,AF,2,2026-09-19 06:35:00,ORIGINAL,Buffalo Bills,PURSUIT,Cincinnati Bengals,,
AF026210926,AF,2,2026-09-21 07:47:00,ORIGINAL,Minnesota Vikings,MERCURY,Cincinnati Bengals,,
AF008190926,AF,2,2026-09-19 02:23:00,LUNA,Detroit Lions,PHOENIX,Philadelphia Eagles,,
AF073170926,AF,1,2026-09-17 22:01:00,KEVLAR,Kansas City Chiefs,PRECISION,Philadelphia Eagles,,
AF034170926,AF,2,2026-09-17 10:11:00,MINDFLAYER,Washington Commanders,MERCURY,Buffalo Bills,,
AF081210926,AF,1,2026-09-21 21:25:00,MEMENTO,San Francisco 49ers,LYNX,Philadelphia Eagles,,
AF051210926,AF,1,2026-09-21 15:25:00,GADGET,Minnesota Vikings,FENRIR,Washington Commanders,,
AF022170926,AF,2,2026-09-17 06:35:00,MERCURY,Buffalo Bills,MINDFLAYER,Washington Commanders,,
AF035200926,AF,1,2026-09-20 08:49:00,FENRIR,Kansas City Chiefs,HEADHUNTER,Philadelphia Eagles,,
AF003220926,AF,1,2026-09-22 01:01:00,MEMENTO,Washington Commanders,LEGEND,Cincinnati Bengals,,
AF036210926,AF,2,2026-09-21 10:47:00,MERCURY,Cincinnati Bengals,ORIGINAL,Minnesota Vikings,,
AF087210926,AF,1,2026-09-21 23:13:00,LYNX,Philadelphia Eagles,LEGEND,Detroit Lions,,
AF011210926,AF,1,2026-09-21 03:25:00,PRECISION,Buffalo Bills,AVATAR,Minnesota Vikings,,
AF032220926,AF,2,2026-09-22 09:35:00,SPARK,Buffalo Bills,NIRVANA,Cincinnati Bengals,,
AF024200926,AF,2,2026-09-20 04:47:00,KRAKEN,Philadelphia Eagles,PSYCHIC,Baltimore Ravens,,
AF028220926,AF,2,2026-09-22 08:23:00,SPARK,Buffalo Bills,NIRVANA,Cincinnati Bengals,,
AF038190926,AF,2,2026-09-19 09:35:00,PURSUIT,Cincinnati Bengals,ORIGINAL,Buffalo Bills,,
AF025200926,AF,2,2026-09-20 05:23:00,PSYCHIC,Baltimore Ravens,HURRICANE,Detroit Lions,,
AF065170926,AF,1,2026-09-17 19:37:00,AVATAR,Detroit Lions,KEVLAR,Kansas City Chiefs,,
AF072190926,AF,2,2026-09-19 19:47:00,PSYCHIC,Buffalo Bills,HURRICANE,Washington Commanders,,
AF081180926,AF,2,2026-09-18 18:35:00,LUNA,Washington Commanders,KRAKEN,Cincinnati Bengals,,
AF091210926,AF,2,2026-09-21 20:23:00,ACE,Buffalo Bills,STRIDER,Denver Broncos,,
AF006210926,AF,2,2026-09-21 01:47:00,HURRICANE,San Francisco 49ers,ROCKET,Philadelphia Eagles,,
AF045220926,AF,1,2026-09-22 13:37:00,FENRIR,Minnesota Vikings,FUSE,Denver Broncos,,
AF102190926,AF,2,2026-09-19 23:23:00,HURRICANE,Washington Commanders,KRAKEN,Cincinnati Bengals,,
AF040170926,AF,2,2026-09-17 11:59:00,MINDFLAYER,Washington Commanders,CLOCKWORK,Cincinnati Bengals,,
AF011200926,AF,1,2026-09-20 03:25:00,ACE,Cincinnati Bengals,OVERDRIVE,Minnesota Vikings,,
AF037210926,AF,1,2026-09-21 11:13:00,FENRIR,San Francisco 49ers,GADGET,Baltimore Ravens,,
AF078200926,AF,2,2026-09-20 21:35:00,IMPERIAL,Cincinnati Bengals,HURRICANE,Minnesota Vikings,,
AF099190926,AF,2,2026-09-19 20:23:00,KRAKEN,Cincinnati Bengals,PSYCHIC,Buffalo Bills,,
AF005190926,AF,1,2026-09-19 01:37:00,LEGEND,Minnesota Vikings,MEMENTO,Washington Commanders,,
AF051180926,AF,1,2026-09-18 15:25:00,KILLJOY,Washington Commanders,FENRIR,Cincinnati Bengals,,
AF084180926,AF,2,2026-09-18 22:11:00,PHOENIX,Buffalo Bills,KRAKEN,Cincinnati Bengals,,
AF026220926,AF,2,2026-09-22 07:47:00,NIRVANA,Cincinnati Bengals,SHURIKEN,Washington Commanders,,
AF019180926,AF,1,2026-09-18 05:49:00,HERMES,Buffalo Bills,AVATAR,Minnesota Vikings,,
AF080210926,AF,2,2026-09-21 20:59:00,ACE,Buffalo Bills,OVERDRIVE,Cincinnati Bengals,,
AF074170926,AF,2,2026-09-17 22:11:00,ACE,Washington Commanders,ASTRONAUT,Minnesota Vikings,,
AF093210926,AF,2,2026-09-21 22:11:00,STRIDER,Denver Broncos,OVERDRIVE,Cincinnati Bengals,,
AF072200926,AF,2,2026-09-20 19:47:00,IMPERIAL,Cincinnati Bengals,ROCKET,Washington Commanders,,
AF001190926,AF,1,2026-09-19 00:25:00,LEGEND,Minnesota Vikings,HERMES,Buffalo Bills,,
AF095190926,AF,2,2026-09-19 14:59:00,PURSUIT,San Francisco 49ers,ORIGINAL,Detroit Lions,,
AF046210926,AF,2,2026-09-21 13:47:00,ENFORCER,Baltimore Ravens,MERCURY,Kansas City Chiefs,,
AF079220926,AF,1,2026-09-22 22:01:00,HERMES,Kansas City Chiefs,PATHFINDER,Detroit Lions,,
AF009200926,AF,1,2026-09-20 02:49:00,JUDGEMENT,Denver Broncos,ACE,Cincinnati Bengals,,
AF074220926,AF,2,2026-09-22 20:23:00,KATANA,Buffalo Bills,SAGE,Washington Commanders,,
AF077220926,AF,1,2026-09-22 21:25:00,PRECISION,Baltimore Ravens,PATHFINDER,Detroit Lions,,
AF087220926,AF,2,2026-09-22 19:11:00,KATANA,Buffalo Bills,HURRICANE,Cincinnati Bengals,,
AF039180926,AF,1,2026-09-18 11:49:00,FUSE,Detroit Lions,KILLJOY,Kansas City Chiefs,,
AF062220926,AF,2,2026-09-22 01:47:00,ACE,Philadelphia Eagles,OVERDRIVE,Baltimore Ravens,,
AF077170926,AF,1,2026-09-17 23:13:00,PRECISION,Philadelphia Eagles,HERMES,Baltimore Ravens,,
AF033190926,AF,1,2026-09-19 08:13:00,KILLJOY,Kansas City Chiefs,FENRIR,Detroit Lions,,
AF033170926,AF,1,2026-09-17 10:01:00,GADGET,Philadelphia Eagles,REGRET,Detroit Lions,,
AF064220926,AF,2,2026-09-22 04:47:00,ACE,Philadelphia Eagles,STRIDER,Detroit Lions,,
AF050180926,AF,2,2026-09-18 14:59:00,RICOCHET,Kansas City Chiefs,ENFORCER,Baltimore Ravens,,
AF002210926,AF,2,2026-09-21 00:35:00,HURRICANE,San Francisco 49ers,IMPERIAL,Baltimore Ravens,,
AF052200926,AF,2,2026-09-20 13:47:00,SPARK,Philadelphia Eagles,MAVERICK,Kansas City Chiefs,,
AF044180926,AF,2,2026-09-18 13:11:00,RICOCHET,Kansas City Chiefs,MERCURY,Detroit Lions,,
AF056200926,AF,2,2026-09-20 14:59:00,SHURIKEN,San Francisco 49ers,MAVERICK,Kansas City Chiefs,,
AF036170926,AF,2,2026-09-17 10:47:00,MINDFLAYER,Washington Commanders,ENFORCER,Denver Broncos,,
AF030220926,AF,2,2026-09-22 08:59:00,SPARK,Buffalo Bills,SHURIKEN,Washington Commanders,,
AF048180926,AF,2,2026-09-18 14:23:00,MERCURY,Detroit Lions,RICOCHET,Kansas City Chiefs,,
AF010180926,AF,2,2026-09-18 02:59:00,LUNA,Baltimore Ravens,ACE,Kansas City Chiefs,,
AF043200926,AF,1,2026-09-20 11:13:00,LIZARD,Detroit Lions,FENRIR,Kansas City Chiefs,,
AF035220926,AF,1,2026-09-22 10:37:00,FUSE,Kansas City Chiefs,MERLIN,Baltimore Ravens,,
AF033220926,AF,1,2026-09-22 10:01:00,FUSE,Kansas City Chiefs,FENRIR,Philadelphia Eagles,,
AF053190926,AF,1,2026-09-19 14:13:00,KILLJOY,Minnesota Vikings,NIGHTMARE,Cincinnati Bengals,,
AF029190926,AF,1,2026-09-19 07:01:00,KILLJOY,Kansas City Chiefs,NIGHTMARE,Baltimore Ravens,,
AF013200926,AF,1,2026-09-20 04:01:00,OVERDRIVE,Minnesota Vikings,ACE,Cincinnati Bengals,,
AF005210926,AF,1,2026-09-21 01:37:00,AVATAR,Minnesota Vikings,KEVLAR,Denver Broncos,,
AF030170926,AF,2,2026-09-17 08:59:00,CLOCKWORK,Cincinnati Bengals,MINDFLAYER,Washington Commanders,,
AF075190926,AF,1,2026-09-19 20:49:00,OVERDRIVE,Philadelphia Eagles,ACE,Baltimore Ravens,,
AF005200926,AF,1,2026-09-20 01:37:00,OVERDRIVE,Minnesota Vikings,ACE,Cincinnati Bengals,,
AF012210926,AF,2,2026-09-21 03:35:00,PSYCHIC,Detroit Lions,HURRICANE,San Francisco 49ers,,
AF035210926,AF,1,2026-09-21 10:37:00,HEADHUNTER,Kansas City Chiefs,REGRET,Philadelphia Eagles,,
AF082200926,AF,2,2026-09-20 22:47:00,ROCKET,Washington Commanders,IMPERIAL,Cincinnati Bengals,,
AF010170926,AF,2,2026-09-17 02:59:00,UNICORN,San Francisco 49ers,SUMMIT,Baltimore Ravens,,
AF053170926,AF,1,2026-09-17 16:01:00,HEADHUNTER,Washington Commanders,GADGET,Buffalo Bills,,
AF004220926,AF,2,2026-09-22 01:11:00,STRIDER,Detroit Lions,ACE,Philadelphia Eagles,,
AF027180926,AF,1,2026-09-18 08:13:00,KILLJOY,Kansas City Chiefs,FENRIR,Philadelphia Eagles,,
AF050190926,AF,2,2026-09-19 13:11:00,PURSUIT,San Francisco 49ers,STEEL,Baltimore Ravens,,
AF036200926,AF,2,2026-09-20 08:59:00,NIRVANA,Minnesota Vikings,MAVERICK,Washington Commanders,,
AF049220926,AF,1,2026-09-22 14:49:00,MERLIN,Buffalo Bills,FUSE,Denver Broncos,,
AF064200926,AF,2,2026-09-20 17:23:00,MAVERICK,Kansas City Chiefs,SPARK,Philadelphia Eagles,,
AF060170926,AF,2,2026-09-17 17:59:00,CLOCKWORK,Baltimore Ravens,ENFORCER,Detroit Lions,,
AF092210926,AF,2,2026-09-21 21:35:00,STRIDER,Denver Broncos,ACE,Buffalo Bills,,
AF032170926,AF,2,2026-09-17 09:35:00,ENFORCER,Denver Broncos,MERCURY,Buffalo Bills,,
AF073200926,AF,1,2026-09-20 20:13:00,PRECISION,Philadelphia Eagles,AVATAR,Kansas City Chiefs,,
AF056170926,AF,2,2026-09-17 16:47:00,ENFORCER,Detroit Lions,MERCURY,Philadelphia Eagles,,
AF048200926,AF,2,2026-09-20 12:35:00,SPARK,Philadelphia Eagles,SHURIKEN,San Francisco 49ers,,
AF037180926,AF,1,2026-09-18 11:13:00,FENRIR,Philadelphia Eagles,KILLJOY,Kansas City Chiefs,,
AF035170926,AF,1,2026-09-17 10:37:00,GADGET,Philadelphia Eagles,LIZARD,Kansas City Chiefs,,
AF061170926,AF,1,2026-09-17 18:25:00,PRECISION,Philadelphia Eagles,KEVLAR,Kansas City Chiefs,,
AF075170926,AF,1,2026-09-17 22:37:00,KEVLAR,Kansas City Chiefs,AVATAR,Detroit Lions,,
AF040220926,AF,2,2026-09-22 11:59:00,SHURIKEN,Washington Commanders,SPARK,Buffalo Bills,,
AF044200926,AF,2,2026-09-20 11:23:00,SPARK,Cincinnati Bengals,NIRVANA,Minnesota Vikings,,
AF068170926,AF,2,2026-09-17 20:23:00,SAGE,Denver Broncos,ASTRONAUT,Minnesota Vikings,,
AF048170926,AF,2,2026-09-17 14:23:00,CLOCKWORK,Baltimore Ravens,ENFORCER,Detroit Lions,,
AF038170926,AF,2,2026-09-17 11:23:00,MERCURY,Buffalo Bills,CLOCKWORK,Cincinnati Bengals,,
AF080220926,AF,2,2026-09-22 22:11:00,HURRICANE,Cincinnati Bengals,SAGE,Washington Commanders,,
AF059180926,AF,1,2026-09-18 17:49:00,KILLJOY,Washington Commanders,MERLIN,Minnesota Vikings,,
AF023170926,AF,1,2026-09-17 07:01:00,HEADHUNTER,San Francisco 49ers,REGRET,Detroit Lions,,
AF030180926,AF,2,2026-09-18 08:59:00,MERCURY,Washington Commanders,ENFORCER,Buffalo Bills,,
AF001200926,AF,1,2026-09-20 00:25:00,JUDGEMENT,Denver Broncos,ACE,Cincinnati Bengals,,
AF013170926,AF,1,2026-09-17 04:01:00,ACE,Denver Broncos,OVERDRIVE,Minnesota Vikings,,
AF032180926,AF,2,2026-09-18 09:35:00,RICOCHET,Denver Broncos,CLOCKWORK,Cincinnati Bengals,,
AF076200926,AF,2,2026-09-20 20:59:00,PSYCHIC,Buffalo Bills,ROCKET,Washington Commanders,,
AF057170926,AF,1,2026-09-17 17:13:00,GADGET,Buffalo Bills,LIZARD,Minnesota Vikings,,
AF055180926,AF,1,2026-09-18 16:37:00,MERLIN,Minnesota Vikings,FENRIR,Cincinnati Bengals,,
AF016170926,AF,2,2026-09-17 04:47:00,UNICORN,San Francisco 49ers,MIDAS,Detroit Lions,,
AF075210926,AF,1,2026-09-21 19:37:00,MEMENTO,San Francisco 49ers,OFFICER,Baltimore Ravens,,
AF075200926,AF,1,2026-09-20 20:49:00,PRECISION,Philadelphia Eagles,KEVLAR,Detroit Lions,,
AF081220926,AF,1,2026-09-22 22:37:00,HERMES,Kansas City Chiefs,PRECISION,Baltimore Ravens,,
AF001170926,AF,1,2026-09-17 00:25:00,LUNA,Buffalo Bills,ASTRONAUT,Cincinnati Bengals,,
AF028200926,AF,2,2026-09-20 06:35:00,SPARK,Cincinnati Bengals,MAVERICK,Washington Commanders,,
AF069180926,AF,1,2026-09-18 20:49:00,LYNX,Detroit Lions,MEMENTO,Kansas City Chiefs,,
AF069220926,AF,1,2026-09-22 19:01:00,LYNX,Philadelphia Eagles,PRECISION,Baltimore Ravens,,
AF021180926,AF,1,2026-09-18 06:25:00,FENRIR,Philadelphia Eagles,FUSE,Detroit Lions,,
AF063180926,AF,1,2026-09-18 19:01:00,LYNX,Detroit Lions,HERMES,Baltimore Ravens,,
AF023200926,AF,2,2026-09-20 03:35:00,HURRICANE,Detroit Lions,KRAKEN,Philadelphia Eagles,,
AF062200926,AF,2,2026-09-20 16:47:00,SHURIKEN,San Francisco 49ers,SPARK,Philadelphia Eagles,,
AF028180926,AF,2,2026-09-18 08:23:00,MERCURY,Washington Commanders,CLOCKWORK,Cincinnati Bengals,,
AF097190926,AF,2,2026-09-19 17:23:00,STEEL,Baltimore Ravens,ORIGINAL,Detroit Lions,,
AF026180926,AF,2,2026-09-18 07:47:00,RICOCHET,Denver Broncos,ENFORCER,Buffalo Bills,,
AF095210926,AF,2,2026-09-21 23:59:00,STRIDER,Denver Broncos,ACE,Buffalo Bills,,
AF022180926,AF,2,2026-09-18 06:35:00,CLOCKWORK,Cincinnati Bengals,ENFORCER,Buffalo Bills,,
AF068220926,AF,2,2026-09-22 18:35:00,SAGE,Washington Commanders,HURRICANE,Cincinnati Bengals,,
AF057180926,AF,1,2026-09-18 17:13:00,FUSE,Denver Broncos,FENRIR,Cincinnati Bengals,,
AF056220926,AF,2,2026-09-22 16:47:00,SPARK,Philadelphia Eagles,NIRVANA,Detroit Lions,,
AF011170926,AF,1,2026-09-17 03:25:00,ACE,Denver Broncos,LUNA,Buffalo Bills,,
AF023210926,AF,1,2026-09-21 07:01:00,GADGET,Baltimore Ravens,REGRET,Philadelphia Eagles,,
AF037190926,AF,1,2026-09-19 09:25:00,NIGHTMARE,Baltimore Ravens,FENRIR,Detroit Lions,,
AF009180926,AF,1,2026-09-18 02:49:00,AVATAR,Minnesota Vikings,KEVLAR,Washington Commanders,,
AF036180926,AF,2,2026-09-18 10:47:00,ENFORCER,Buffalo Bills,RICOCHET,Denver Broncos,,
AF049180926,AF,1,2026-09-18 14:49:00,MERLIN,Minnesota Vikings,FUSE,Denver Broncos,,
AF055210926,AF,1,2026-09-21 16:37:00,REGRET,Buffalo Bills,FENRIR,Washington Commanders,,
AF079190926,AF,1,2026-09-19 22:01:00,JUDGEMENT,Kansas City Chiefs,ACE,Baltimore Ravens,,
AF068210926,AF,2,2026-09-21 15:35:00,MERCURY,Kansas City Chiefs,ENFORCER,Baltimore Ravens,,
AF067180926,AF,1,2026-09-18 20:13:00,LYNX,Detroit Lions,LEGEND,San Francisco 49ers,,
AF076170926,AF,2,2026-09-17 22:47:00,ACE,Washington Commanders,LUNA,Buffalo Bills,,
AF017210926,AF,1,2026-09-21 05:13:00,KEVLAR,Denver Broncos,AVATAR,Minnesota Vikings,,
AF084220926,AF,2,2026-09-22 23:23:00,SAGE,Washington Commanders,KATANA,Buffalo Bills,,
AF059210926,AF,1,2026-09-21 17:49:00,HEADHUNTER,Cincinnati Bengals,REGRET,Buffalo Bills,,
AF057210926,AF,1,2026-09-21 17:13:00,HEADHUNTER,Cincinnati Bengals,FENRIR,Washington Commanders,,
AF077200926,AF,1,2026-09-20 21:25:00,LEO,Baltimore Ravens,AVATAR,Kansas City Chiefs,,
AF083210926,AF,1,2026-09-21 22:01:00,OFFICER,Baltimore Ravens,LYNX,Philadelphia Eagles,,
AF100190926,AF,2,2026-09-19 21:35:00,PSYCHIC,Buffalo Bills,KRAKEN,Cincinnati Bengals,,
AF035180926,AF,1,2026-09-18 10:37:00,FUSE,Detroit Lions,MERLIN,San Francisco 49ers,,
AF052170926,AF,2,2026-09-17 15:35:00,CLOCKWORK,Baltimore Ravens,MERCURY,Philadelphia Eagles,,
AF086180926,AF,2,2026-09-18 23:59:00,PHOENIX,Buffalo Bills,LUNA,Washington Commanders,,
AF091190926,AF,2,2026-09-19 10:47:00,ORIGINAL,Buffalo Bills,PURSUIT,Cincinnati Bengals,,
AF033200926,AF,1,2026-09-20 08:13:00,FENRIR,Kansas City Chiefs,LIZARD,Detroit Lions,,
AF029200926,AF,1,2026-09-20 07:01:00,FENRIR,Kansas City Chiefs,NIGHTMARE,Baltimore Ravens,,
AF003180926,AF,1,2026-09-18 01:01:00,AVATAR,Minnesota Vikings,HERMES,Buffalo Bills,,
AF053180926,AF,1,2026-09-18 16:01:00,KILLJOY,Washington Commanders,FUSE,Denver Broncos,,
AF004190926,AF,2,2026-09-19 01:11:00,PHOENIX,Philadelphia Eagles,LUNA,Detroit Lions,,
AF011180926,AF,1,2026-09-18 03:25:00,HERMES,Buffalo Bills,PRECISION,Cincinnati Bengals,,
AF058210926,AF,2,2026-09-21 17:23:00,MERCURY,Kansas City Chiefs,ENFORCER,Baltimore Ravens,,
AF014180926,AF,2,2026-09-18 04:11:00,SAGE,Detroit Lions,ACE,Kansas City Chiefs,,
AF018170926,AF,2,2026-09-17 05:23:00,SUMMIT,Baltimore Ravens,MIDAS,Detroit Lions,,
AF017180926,AF,1,2026-09-18 05:13:00,KEVLAR,Washington Commanders,PRECISION,Cincinnati Bengals,,
AF037220926,AF,1,2026-09-22 11:13:00,FENRIR,Philadelphia Eagles,KILLJOY,Detroit Lions,,
AF093190926,AF,2,2026-09-19 11:59:00,ORIGINAL,Buffalo Bills,STEEL,Denver Broncos,,
AF094190926,AF,2,2026-09-19 13:47:00,ORIGINAL,Detroit Lions,STEEL,Baltimore Ravens,,
AF038220926,AF,2,2026-09-22 11:23:00,NIRVANA,Cincinnati Bengals,SPARK,Buffalo Bills,,
AF011190926,AF,1,2026-09-19 03:25:00,LYNX,Cincinnati Bengals,LEGEND,Minnesota Vikings,,
AF078170926,AF,2,2026-09-17 23:23:00,ASTRONAUT,Minnesota Vikings,SAGE,Denver Broncos,,
AF071190926,AF,1,2026-09-19 19:37:00,JUDGEMENT,Kansas City Chiefs,ACE,Baltimore Ravens,,
AF088190926,AF,2,2026-09-19 07:47:00,PURSUIT,Cincinnati Bengals,ORIGINAL,Buffalo Bills,,
AF041200926,AF,1,2026-09-20 10:37:00,HEADHUNTER,Philadelphia Eagles,NIGHTMARE,Baltimore Ravens,,
AF005170926,AF,1,2026-09-17 01:37:00,LUNA,Buffalo Bills,OVERDRIVE,Minnesota Vikings,,
AF054180926,AF,2,2026-09-18 16:11:00,MERCURY,Detroit Lions,ENFORCER,Baltimore Ravens,,
AF063170926,AF,1,2026-09-17 19:01:00,HERMES,Baltimore Ravens,AVATAR,Detroit Lions,,
AF089220926,AF,2,2026-09-22 21:35:00,KATANA,Buffalo Bills,SAGE,Washington Commanders,,
AF012170926,AF,2,2026-09-17 03:35:00,MIMIC,Philadelphia Eagles,MIDAS,Detroit Lions,,
AF055200926,AF,1,2026-09-20 14:49:00,NIGHTMARE,Washington Commanders,HEADHUNTER,Buffalo Bills,,
AF045210926,AF,1,2026-09-21 13:37:00,FENRIR,Washington Commanders,GADGET,Minnesota Vikings,,
AF092190926,AF,2,2026-09-19 11:23:00,PURSUIT,Cincinnati Bengals,STEEL,Denver Broncos,,
AF027200926,AF,1,2026-09-20 06:25:00,LIZARD,Detroit Lions,HEADHUNTER,Philadelphia Eagles,,
AF066170926,AF,2,2026-09-17 19:47:00,LUNA,Buffalo Bills,ACE,Washington Commanders,,
AF090190926,AF,2,2026-09-19 10:11:00,STEEL,Denver Broncos,ORIGINAL,Buffalo Bills,,
AF062210926,AF,2,2026-09-21 08:23:00,MERCURY,Cincinnati Bengals,ENFORCER,Denver Broncos,,
AF038200926,AF,2,2026-09-20 09:35:00,SHURIKEN,Denver Broncos,SPARK,Cincinnati Bengals,,
AF015180926,AF,1,2026-09-18 04:37:00,AVATAR,Minnesota Vikings,PRECISION,Cincinnati Bengals,,
AF007180926,AF,1,2026-09-18 02:13:00,HERMES,Buffalo Bills,AVATAR,Minnesota Vikings,,
AF009210926,AF,1,2026-09-21 02:49:00,LEO,Cincinnati Bengals,KEVLAR,Denver Broncos,,
AF015200926,AF,1,2026-09-20 04:37:00,OVERDRIVE,Minnesota Vikings,JUDGEMENT,Denver Broncos,,
AF076180926,AF,2,2026-09-18 22:47:00,KRAKEN,Cincinnati Bengals,PHOENIX,Buffalo Bills,,
AF022210926,AF,2,2026-09-21 06:35:00,ENFORCER,Denver Broncos,MERCURY,Cincinnati Bengals,,
AF027220926,AF,1,2026-09-22 08:13:00,KILLJOY,Detroit Lions,FENRIR,Philadelphia Eagles,,
AF070190926,AF,2,2026-09-19 19:11:00,KRAKEN,Cincinnati Bengals,PSYCHIC,Buffalo Bills,,
AF053200926,AF,1,2026-09-20 14:13:00,FENRIR,Denver Broncos,NIGHTMARE,Washington Commanders,,
AF070170926,AF,2,2026-09-17 20:59:00,SAGE,Denver Broncos,ACE,Washington Commanders,,
AF012180926,AF,2,2026-09-18 03:35:00,SAGE,Detroit Lions,ASTRONAUT,Philadelphia Eagles,,
AF026200926,AF,2,2026-09-20 05:59:00,HURRICANE,Detroit Lions,PSYCHIC,Baltimore Ravens,,
AF060200926,AF,2,2026-09-20 16:11:00,NIRVANA,Detroit Lions,MAVERICK,Kansas City Chiefs,,
AF067170926,AF,1,2026-09-17 20:13:00,HERMES,Baltimore Ravens,PRECISION,Philadelphia Eagles,,
AF021170926,AF,1,2026-09-17 06:25:00,LIZARD,Kansas City Chiefs,GADGET,Philadelphia Eagles,,
AF020180926,AF,2,2026-09-18 05:59:00,SAGE,Detroit Lions,LUNA,Baltimore Ravens,,
AF055190926,AF,1,2026-09-19 14:49:00,NIGHTMARE,Cincinnati Bengals,HEADHUNTER,Buffalo Bills,,
AF025170926,AF,1,2026-09-17 07:37:00,REGRET,Detroit Lions,GADGET,Philadelphia Eagles,,
AF055170926,AF,1,2026-09-17 16:37:00,REGRET,Denver Broncos,LIZARD,Minnesota Vikings,,
AF013180926,AF,1,2026-09-18 04:01:00,HERMES,Buffalo Bills,KEVLAR,Washington Commanders,,
AF019170926,AF,1,2026-09-17 05:49:00,ACE,Denver Broncos,ASTRONAUT,Cincinnati Bengals,,
AF021220926,AF,1,2026-09-22 06:25:00,FENRIR,Philadelphia Eagles,FUSE,Kansas City Chiefs,,
AF053210926,AF,1,2026-09-21 16:01:00,GADGET,Minnesota Vikings,HEADHUNTER,Cincinnati Bengals,,
AF074210926,AF,2,2026-09-21 19:11:00,ACE,Buffalo Bills,STRIDER,Denver Broncos,,
AF025190926,AF,2,2026-09-19 05:23:00,PHOENIX,Philadelphia Eagles,KRAKEN,Baltimore Ravens,,
AF017190926,AF,1,2026-09-19 05:13:00,MEMENTO,Washington Commanders,LEGEND,Minnesota Vikings,,
AF010210926,AF,2,2026-09-21 02:59:00,IMPERIAL,Baltimore Ravens,ROCKET,Philadelphia Eagles,,
AF079200926,AF,1,2026-09-20 22:01:00,KEVLAR,Detroit Lions,AVATAR,Kansas City Chiefs,,
AF006180926,AF,2,2026-09-18 01:47:00,ASTRONAUT,Philadelphia Eagles,ACE,Kansas City Chiefs,,
AF082180926,AF,2,2026-09-18 20:23:00,LUNA,Washington Commanders,PHOENIX,Buffalo Bills,,
AF002180926,AF,2,2026-09-18 00:35:00,ASTRONAUT,Philadelphia Eagles,LUNA,Baltimore Ravens,,
AF029210926,AF,1,2026-09-21 08:49:00,GADGET,Baltimore Ravens,HEADHUNTER,Kansas City Chiefs,,
AF054170926,AF,2,2026-09-17 16:11:00,CLOCKWORK,Baltimore Ravens,MINDFLAYER,San Francisco 49ers,,
AF001210926,AF,1,2026-09-21 00:25:00,AVATAR,Minnesota Vikings,LEO,Cincinnati Bengals,,
AF070180926,AF,2,2026-09-18 20:59:00,LUNA,Washington Commanders,KRAKEN,Cincinnati Bengals,,
AF039200926,AF,1,2026-09-20 10:01:00,HEADHUNTER,Philadelphia Eagles,LIZARD,Detroit Lions,,
AF067200926,AF,1,2026-09-20 18:25:00,AVATAR,Kansas City Chiefs,KEVLAR,Detroit Lions,,
AF076220926,AF,2,2026-09-22 20:59:00,KATANA,Buffalo Bills,HURRICANE,Cincinnati Bengals,,
AF077190926,AF,1,2026-09-19 21:25:00,JUDGEMENT,Kansas City Chiefs,OVERDRIVE,Philadelphia Eagles,,
AF083180926,AF,2,2026-09-18 21:35:00,PHOENIX,Buffalo Bills,LUNA,Washington Commanders,,
AF051200926,AF,1,2026-09-20 13:37:00,LIZARD,Cincinnati Bengals,FENRIR,Denver Broncos,,
AF009170926,AF,1,2026-09-17 02:49:00,ASTRONAUT,Cincinnati Bengals,OVERDRIVE,Minnesota Vikings,,
AF026190926,AF,2,2026-09-19 05:59:00,KRAKEN,Baltimore Ravens,PHOENIX,Philadelphia Eagles,,
AF018180926,AF,2,2026-09-18 05:23:00,ACE,Kansas City Chiefs,ASTRONAUT,Philadelphia Eagles,,
AF086220926,AF,2,2026-09-22 23:59:00,HURRICANE,Cincinnati Bengals,KATANA,Buffalo Bills,,
AF003190926,AF,1,2026-09-19 01:01:00,HERMES,Buffalo Bills,LYNX,Cincinnati Bengals,,
AF076190926,AF,2,2026-09-19 20:59:00,KRAKEN,Cincinnati Bengals,HURRICANE,Washington Commanders,,
AF020170926,AF,2,2026-09-17 05:59:00,MIMIC,Philadelphia Eagles,UNICORN,San Francisco 49ers,,
AF031210926,AF,1,2026-09-21 09:25:00,REGRET,Philadelphia Eagles,FENRIR,San Francisco 49ers,,
AF033180926,AF,1,2026-09-18 10:01:00,FUSE,Detroit Lions,FENRIR,Philadelphia Eagles,,
AF024190926,AF,2,2026-09-19 04:47:00,LUNA,Detroit Lions,PHOENIX,Philadelphia Eagles,,
AF080170926,AF,2,2026-09-17 23:59:00,ACE,Washington Commanders,SAGE,Denver Broncos,,
AF004170926,AF,2,2026-09-17 01:11:00,UNICORN,San Francisco 49ers,MIMIC,Philadelphia Eagles,,
AF054220926,AF,2,2026-09-22 16:11:00,SPARK,Philadelphia Eagles,SHURIKEN,San Francisco 49ers,,
AF060220926,AF,2,2026-09-22 17:59:00,SHURIKEN,San Francisco 49ers,SPARK,Philadelphia Eagles,,
AF030200926,AF,2,2026-09-20 07:11:00,NIRVANA,Minnesota Vikings,SHURIKEN,Denver Broncos,,
AF013190926,AF,1,2026-09-19 04:01:00,LYNX,Cincinnati Bengals,MEMENTO,Washington Commanders,,
AF071220926,AF,1,2026-09-22 19:37:00,PRECISION,Baltimore Ravens,HERMES,Kansas City Chiefs,,
AF046170926,AF,2,2026-09-17 13:47:00,MERCURY,Philadelphia Eagles,MINDFLAYER,San Francisco 49ers,,
AF066200926,AF,2,2026-09-20 17:59:00,NIRVANA,Detroit Lions,SHURIKEN,San Francisco 49ers,,
AF037200926,AF,1,2026-09-20 09:25:00,NIGHTMARE,Baltimore Ravens,LIZARD,Detroit Lions,,
AF073210926,AF,1,2026-09-21 19:01:00,LEGEND,Detroit Lions,MEMENTO,San Francisco 49ers,,
AF067210926,AF,2,2026-09-21 14:23:00,ENFORCER,Baltimore Ravens,ORIGINAL,San Francisco 49ers,,
AF050200926,AF,2,2026-09-20 13:11:00,SHURIKEN,San Francisco 49ers,NIRVANA,Detroit Lions,,
AF071180926,AF,1,2026-09-18 21:25:00,HERMES,Baltimore Ravens,LEGEND,San Francisco 49ers,,
AF075220926,AF,1,2026-09-22 20:49:00,LYNX,Philadelphia Eagles,HERMES,Kansas City Chiefs,,
AF019190926,AF,1,2026-09-19 05:49:00,LYNX,Cincinnati Bengals,HERMES,Buffalo Bills,,
AF021200926,AF,2,2026-09-20 00:35:00,PSYCHIC,Baltimore Ravens,HURRICANE,Detroit Lions,,
AF058200926,AF,2,2026-09-20 15:35:00,NIRVANA,Detroit Lions,SPARK,Philadelphia Eagles,,
AF101190926,AF,2,2026-09-19 22:11:00,PSYCHIC,Buffalo Bills,HURRICANE,Washington Commanders,,
AF027170926,AF,1,2026-09-17 08:13:00,HEADHUNTER,San Francisco 49ers,LIZARD,Kansas City Chiefs,,
AF044170926,AF,2,2026-09-17 13:11:00,ENFORCER,Detroit Lions,CLOCKWORK,Baltimore Ravens,,
AF014220926,AF,2,2026-09-22 04:11:00,ACE,Philadelphia Eagles,OVERDRIVE,Baltimore Ravens,,
AF017220926,AF,1,2026-09-22 05:13:00,OFFICER,Minnesota Vikings,LYNX,Buffalo Bills,,
AF063220926,AF,2,2026-09-22 03:35:00,OVERDRIVE,Baltimore Ravens,ACE,Philadelphia Eagles,,
AF022220926,AF,2,2026-09-22 06:35:00,NIRVANA,Cincinnati Bengals,SHURIKEN,Washington Commanders,,
AF010220926,AF,2,2026-09-22 02:59:00,STRIDER,Detroit Lions,OVERDRIVE,Baltimore Ravens,,
AF058220926,AF,2,2026-09-22 17:23:00,SHURIKEN,San Francisco 49ers,NIRVANA,Detroit Lions,,
AF073180926,AF,1,2026-09-18 22:01:00,MEMENTO,Kansas City Chiefs,LEGEND,San Francisco 49ers,,
AF003170926,AF,1,2026-09-17 01:01:00,ASTRONAUT,Cincinnati Bengals,ACE,Denver Broncos,,
AF002170926,AF,2,2026-09-17 00:35:00,MIDAS,Detroit Lions,UNICORN,San Francisco 49ers,,
AF007170926,AF,1,2026-09-17 02:13:00,ACE,Denver Broncos,ASTRONAUT,Cincinnati Bengals,,
AF021210926,AF,1,2026-09-21 06:25:00,FENRIR,San Francisco 49ers,HEADHUNTER,Kansas City Chiefs,,
AF001220926,AF,1,2026-09-22 00:25:00,LYNX,Buffalo Bills,MEMENTO,Washington Commanders,,
AF052180926,AF,2,2026-09-18 15:35:00,MERCURY,Detroit Lions,CLOCKWORK,Philadelphia Eagles,,
AF014200926,AF,2,2026-09-20 04:11:00,KRAKEN,Philadelphia Eagles,HURRICANE,Detroit Lions,,
AF011220926,AF,1,2026-09-22 03:25:00,LEGEND,Cincinnati Bengals,LYNX,Buffalo Bills,,
AF076210926,AF,2,2026-09-21 19:47:00,STRIDER,Denver Broncos,OVERDRIVE,Cincinnati Bengals,,
AF031190926,AF,1,2026-09-19 07:37:00,NIGHTMARE,Baltimore Ravens,HEADHUNTER,Philadelphia Eagles,,
AF046200926,AF,2,2026-09-20 11:59:00,MAVERICK,Washington Commanders,NIRVANA,Minnesota Vikings,,
AF041210926,AF,1,2026-09-21 12:25:00,FENRIR,Washington Commanders,REGRET,Buffalo Bills,,
AF043170926,AF,1,2026-09-17 13:01:00,REGRET,Denver Broncos,HEADHUNTER,Washington Commanders,,
AF031220926,AF,1,2026-09-22 09:25:00,MERLIN,Baltimore Ravens,FENRIR,Philadelphia Eagles,,
AF082190926,AF,2,2026-09-19 22:47:00,HURRICANE,Washington Commanders,PSYCHIC,Buffalo Bills,,
AF005220926,AF,1,2026-09-22 01:37:00,LYNX,Buffalo Bills,OFFICER,Minnesota Vikings,,
AF017170926,AF,1,2026-09-17 05:13:00,OVERDRIVE,Minnesota Vikings,LUNA,Buffalo Bills,,
AF037170926,AF,1,2026-09-17 11:13:00,LIZARD,Kansas City Chiefs,HEADHUNTER,San Francisco 49ers,,
AF071210926,AF,1,2026-09-21 18:25:00,LYNX,Philadelphia Eagles,OFFICER,Baltimore Ravens,,
AF079180926,AF,1,2026-09-18 23:49:00,MEMENTO,Kansas City Chiefs,LYNX,Detroit Lions,,
AF025180926,AF,1,2026-09-18 07:37:00,MERLIN,San Francisco 49ers,FUSE,Detroit Lions,,
AF034210926,AF,2,2026-09-21 10:11:00,MERCURY,Cincinnati Bengals,ENFORCER,Denver Broncos,,
AF031170926,AF,1,2026-09-17 09:25:00,REGRET,Detroit Lions,LIZARD,Kansas City Chiefs,,
AF059200926,AF,1,2026-09-20 16:01:00,FENRIR,Denver Broncos,HEADHUNTER,Buffalo Bills,,
AF008220926,AF,2,2026-09-22 02:23:00,ACE,Philadelphia Eagles,STRIDER,Detroit Lions,,
AF034200926,AF,2,2026-09-20 08:23:00,NIRVANA,Minnesota Vikings,SPARK,Cincinnati Bengals,,
AF047190926,AF,1,2026-09-19 12:25:00,FENRIR,Denver Broncos,NIGHTMARE,Cincinnati Bengals,,
AF050220926,AF,2,2026-09-22 14:59:00,NIRVANA,Detroit Lions,SHURIKEN,San Francisco 49ers,,
AF051190926,AF,1,2026-09-19 13:37:00,FENRIR,Denver Broncos,HEADHUNTER,Buffalo Bills,,
AF039210926,AF,1,2026-09-21 11:49:00,HEADHUNTER,Kansas City Chiefs,GADGET,Baltimore Ravens,,
AF069200926,AF,1,2026-09-20 19:01:00,PRECISION,Philadelphia Eagles,LEO,Baltimore Ravens,,
AF025220926,AF,1,2026-09-22 07:37:00,MERLIN,Baltimore Ravens,FUSE,Kansas City Chiefs,,
AF027210926,AF,1,2026-09-21 08:13:00,GADGET,Baltimore Ravens,FENRIR,San Francisco 49ers,,
AF066190926,AF,2,2026-09-19 17:59:00,STEEL,Baltimore Ravens,PURSUIT,San Francisco 49ers,,
AF085190926,AF,1,2026-09-19 23:49:00,JUDGEMENT,Kansas City Chiefs,OVERDRIVE,Philadelphia Eagles,,
AF064170926,AF,2,2026-09-17 19:11:00,SAGE,Denver Broncos,LUNA,Buffalo Bills,,
AF083200926,AF,1,2026-09-20 23:13:00,AVATAR,Kansas City Chiefs,PRECISION,Philadelphia Eagles,,
AF024220926,AF,2,2026-09-22 07:11:00,SPARK,Buffalo Bills,SHURIKEN,Washington Commanders,,
AF031200926,AF,1,2026-09-20 07:37:00,NIGHTMARE,Baltimore Ravens,HEADHUNTER,Philadelphia Eagles,,
AF047200926,AF,1,2026-09-20 12:25:00,LIZARD,Cincinnati Bengals,NIGHTMARE,Washington Commanders,,
AF065200926,AF,1,2026-09-20 17:49:00,HEADHUNTER,Buffalo Bills,NIGHTMARE,Washington Commanders,,
AF034180926,AF,2,2026-09-18 10:11:00,ENFORCER,Buffalo Bills,CLOCKWORK,Cincinnati Bengals,,
AF080200926,AF,2,2026-09-20 22:11:00,ROCKET,Washington Commanders,HURRICANE,Minnesota Vikings,,
AF044220926,AF,2,2026-09-22 13:11:00,NIRVANA,Detroit Lions,SPARK,Philadelphia Eagles,,
AF071170926,AF,1,2026-09-17 21:25:00,AVATAR,Detroit Lions,PRECISION,Philadelphia Eagles,,
AF036220926,AF,2,2026-09-22 10:47:00,SHURIKEN,Washington Commanders,SPARK,Buffalo Bills,,
AF058190926,AF,2,2026-09-19 15:35:00,STEEL,Baltimore Ravens,ORIGINAL,Detroit Lions,,
AF045190926,AF,1,2026-09-19 11:49:00,HEADHUNTER,Philadelphia Eagles,KILLJOY,Kansas City Chiefs,,
AF068200926,AF,2,2026-09-20 18:35:00,HURRICANE,Minnesota Vikings,ROCKET,Washington Commanders,,
AF042220926,AF,2,2026-09-22 12:35:00,NIRVANA,Detroit Lions,SHURIKEN,San Francisco 49ers,,
AF047210926,AF,1,2026-09-21 14:13:00,GADGET,Minnesota Vikings,REGRET,Buffalo Bills,,
AF059170926,AF,1,2026-09-17 17:49:00,HEADHUNTER,Washington Commanders,REGRET,Denver Broncos,,
AF057200926,AF,1,2026-09-20 15:25:00,FENRIR,Denver Broncos,LIZARD,Cincinnati Bengals,,
AF029170926,AF,1,2026-09-17 08:49:00,HEADHUNTER,San Francisco 49ers,GADGET,Philadelphia Eagles,,
AF018210926,AF,2,2026-09-21 05:23:00,ROCKET,Philadelphia Eagles,HURRICANE,San Francisco 49ers,,
AF001180926,AF,1,2026-09-18 00:25:00,PRECISION,Cincinnati Bengals,AVATAR,Minnesota Vikings,,
AF074200926,AF,2,2026-09-20 20:23:00,PSYCHIC,Buffalo Bills,HURRICANE,Minnesota Vikings,,
AF061180926,AF,1,2026-09-18 18:25:00,LEGEND,San Francisco 49ers,MEMENTO,Kansas City Chiefs,,
AF066180926,AF,2,2026-09-18 19:47:00,PHOENIX,Buffalo Bills,KRAKEN,Cincinnati Bengals,,
AF031180926,AF,1,2026-09-18 09:25:00,MERLIN,San Francisco 49ers,FENRIR,Philadelphia Eagles,,
AF050210926,AF,2,2026-09-21 14:59:00,ORIGINAL,San Francisco 49ers,MERCURY,Kansas City Chiefs,,
AF090220926,AF,2,2026-09-22 22:47:00,HURRICANE,Cincinnati Bengals,KATANA,Buffalo Bills,,
AF014190926,AF,2,2026-09-19 04:11:00,LUNA,Detroit Lions,KRAKEN,Baltimore Ravens,,
AF042180926,AF,2,2026-09-18 12:35:00,CLOCKWORK,Philadelphia Eagles,RICOCHET,Kansas City Chiefs,,
AF028170926,AF,2,2026-09-17 08:23:00,CLOCKWORK,Cincinnati Bengals,MERCURY,Buffalo Bills,,
AF084200926,AF,2,2026-09-20 23:23:00,HURRICANE,Minnesota Vikings,PSYCHIC,Buffalo Bills,,
AF054190926,AF,2,2026-09-19 14:23:00,STEEL,Baltimore Ravens,PURSUIT,San Francisco 49ers,,
AF065190926,AF,1,2026-09-19 17:49:00,KILLJOY,Minnesota Vikings,NIGHTMARE,Cincinnati Bengals,,
AF039190926,AF,1,2026-09-19 10:01:00,HEADHUNTER,Philadelphia Eagles,FENRIR,Detroit Lions,,
AF041170926,AF,1,2026-09-17 12:25:00,LIZARD,Minnesota Vikings,REGRET,Denver Broncos,,
AF040200926,AF,2,2026-09-20 10:11:00,MAVERICK,Washington Commanders,SPARK,Cincinnati Bengals,,
AF046220926,AF,2,2026-09-22 13:47:00,NIRVANA,Detroit Lions,SHURIKEN,San Francisco 49ers,,
AF032210926,AF,2,2026-09-21 09:35:00,ORIGINAL,Minnesota Vikings,ENFORCER,Denver Broncos,,
AF089210926,AF,1,2026-09-21 23:49:00,OFFICER,Baltimore Ravens,LEGEND,Detroit Lions,,
AF042170926,AF,2,2026-09-17 12:35:00,MERCURY,Philadelphia Eagles,ENFORCER,Detroit Lions,,
AF029220926,AF,1,2026-09-22 08:49:00,KILLJOY,Detroit Lions,FUSE,Kansas City Chiefs,,
AF005180926,AF,1,2026-09-18 01:37:00,PRECISION,Cincinnati Bengals,KEVLAR,Washington Commanders,,
AF026170926,AF,2,2026-09-17 07:47:00,ENFORCER,Denver Broncos,MINDFLAYER,Washington Commanders,,
AF047180926,AF,1,2026-09-18 14:13:00,KILLJOY,Washington Commanders,MERLIN,Minnesota Vikings,,
AF027190926,AF,1,2026-09-19 06:25:00,FENRIR,Detroit Lions,HEADHUNTER,Philadelphia Eagles,,
AF041190926,AF,1,2026-09-19 10:37:00,HEADHUNTER,Philadelphia Eagles,NIGHTMARE,Baltimore Ravens,,
AF035190926,AF,1,2026-09-19 08:49:00,KILLJOY,Kansas City Chiefs,HEADHUNTER,Philadelphia Eagles,,
AF067220926,AF,1,2026-09-22 18:25:00,PATHFINDER,Detroit Lions,HERMES,Kansas City Chiefs,,
AF025210926,AF,1,2026-09-21 07:37:00,REGRET,Philadelphia Eagles,HEADHUNTER,Kansas City Chiefs,,
AF008200926,AF,2,2026-09-20 02:23:00,KRAKEN,Philadelphia Eagles,PSYCHIC,Baltimore Ravens,,
AF010190926,AF,2,2026-09-19 02:59:00,PHOENIX,Philadelphia Eagles,KRAKEN,Baltimore Ravens,,
AF066210926,AF,2,2026-09-21 13:11:00,ORIGINAL,San Francisco 49ers,MERCURY,Kansas City Chiefs,,
AF077180926,AF,1,2026-09-18 23:13:00,LEGEND,San Francisco 49ers,LYNX,Detroit Lions,,
AF094210926,AF,2,2026-09-21 23:23:00,OVERDRIVE,Cincinnati Bengals,ACE,Buffalo Bills,,
AF084160926,AF,1,2026-09-16 23:49:00,OVERDRIVE,San Francisco 49ers,ACE,Detroit Lions,,
AF069190926,AF,1,2026-09-19 19:01:00,OVERDRIVE,Philadelphia Eagles,JUDGEMENT,Kansas City Chiefs,,
AF077210926,AF,1,2026-09-21 20:13:00,LEGEND,Detroit Lions,LYNX,Philadelphia Eagles,,
AF061220926,AF,2,2026-09-22 00:35:00,STRIDER,Detroit Lions,OVERDRIVE,Baltimore Ravens,,
AF033210926,AF,1,2026-09-21 10:01:00,HEADHUNTER,Kansas City Chiefs,FENRIR,San Francisco 49ers,,
AF024170926,AF,2,2026-09-17 07:11:00,CLOCKWORK,Cincinnati Bengals,ENFORCER,Denver Broncos,,
AF041180926,AF,1,2026-09-18 12:25:00,FENRIR,Cincinnati Bengals,MERLIN,Minnesota Vikings,,
AF019220926,AF,1,2026-09-22 05:49:00,LEGEND,Cincinnati Bengals,MEMENTO,Washington Commanders,,
AF086210926,AF,2,2026-09-21 22:47:00,OVERDRIVE,Cincinnati Bengals,STRIDER,Denver Broncos,,
AF016180926,AF,2,2026-09-18 04:47:00,LUNA,Baltimore Ravens,ASTRONAUT,Philadelphia Eagles,,
AF063210926,AF,2,2026-09-21 08:59:00,ORIGINAL,Minnesota Vikings,MERCURY,Cincinnati Bengals,,
AF073190926,AF,1,2026-09-19 20:13:00,OVERDRIVE,Philadelphia Eagles,JUDGEMENT,Kansas City Chiefs,,
AF007200926,AF,1,2026-09-20 02:13:00,OVERDRIVE,Minnesota Vikings,JUDGEMENT,Denver Broncos,,
AF088220926,AF,2,2026-09-22 19:47:00,SAGE,Washington Commanders,HURRICANE,Cincinnati Bengals,,
AF013220926,AF,1,2026-09-22 04:01:00,LEGEND,Cincinnati Bengals,OFFICER,Minnesota Vikings,,
AF043190926,AF,1,2026-09-19 11:13:00,FENRIR,Detroit Lions,KILLJOY,Kansas City Chiefs,,
AF072170926,AF,2,2026-09-17 21:35:00,LUNA,Buffalo Bills,ASTRONAUT,Minnesota Vikings,,
AF085210926,AF,1,2026-09-21 22:37:00,OFFICER,Baltimore Ravens,MEMENTO,San Francisco 49ers,,
AF016210926,AF,2,2026-09-21 04:47:00,IMPERIAL,Baltimore Ravens,HURRICANE,San Francisco 49ers,,
AF009220926,AF,1,2026-09-22 02:49:00,MEMENTO,Washington Commanders,OFFICER,Minnesota Vikings,,
AF048220926,AF,2,2026-09-22 14:23:00,SPARK,Philadelphia Eagles,SHURIKEN,San Francisco 49ers,,
AF061190926,AF,1,2026-09-19 16:37:00,NIGHTMARE,Cincinnati Bengals,FENRIR,Denver Broncos,,
AF073220926,AF,1,2026-09-22 20:13:00,LYNX,Philadelphia Eagles,PATHFINDER,Detroit Lions,,
AF049170926,AF,1,2026-09-17 14:49:00,REGRET,Denver Broncos,GADGET,Buffalo Bills,,
AF051220926,AF,1,2026-09-22 15:25:00,KILLJOY,Cincinnati Bengals,FENRIR,Minnesota Vikings,,
AF023180926,AF,1,2026-09-18 07:01:00,KILLJOY,Kansas City Chiefs,MERLIN,San Francisco 49ers,,
AF014170926,AF,2,2026-09-17 04:11:00,MIMIC,Philadelphia Eagles,SUMMIT,Baltimore Ravens,,
AF055220926,AF,1,2026-09-22 16:37:00,MERLIN,Buffalo Bills,FENRIR,Minnesota Vikings,,
AF064180926,AF,2,2026-09-18 19:11:00,LUNA,Washington Commanders,PHOENIX,Buffalo Bills,,
