gamer,games,own_h1,own_h2,opp_h1,opp_h2,corr_halves,lopsided,lopsided_if_independent,ht_close_games,ht_close_lead_changes,won_leading_3_4,n_leading_3_4,won_trailing_3_4,n_trailing_3_4,tds,td_mean_yards,td_20_plus,td_40_plus,td_close_2h_mean_yards,n_td_close_2h,td_drive_plays_median,returns_and_defence
HERMES,615,9.12,7.8,9.62,8.03,-0.009,0.299,0.311,122,1.02,0.593,54,0.353,68,1342,28.5,0.488,0.313,27.4,130,5.0,86
MEMENTO,611,10.52,8.72,10.02,8.69,0.063,0.267,0.282,142,1.04,0.63,73,0.391,69,1499,28.2,0.466,0.307,25.8,153,5.0,104
PRECISION,608,10.23,8.29,10.64,8.55,0.071,0.289,0.308,136,1.14,0.662,80,0.357,56,1437,27.2,0.467,0.286,30.6,152,5.0,62
LUNA,587,8.66,7.42,7.97,7.54,0.033,0.264,0.264,159,1.15,0.688,77,0.305,82,1193,19.4,0.313,0.173,21.2,176,6.0,39
FENRIR,586,10.75,8.63,9.86,8.12,0.1,0.294,0.301,147,1.06,0.722,79,0.294,68,1469,27.0,0.452,0.293,24.6,161,5.0,97
NIGHTMARE,572,10.28,8.35,10.02,8.95,0.039,0.297,0.305,137,1.09,0.652,66,0.31,71,1327,31.0,0.506,0.353,27.6,143,4.0,82
LEGEND,556,9.67,7.7,9.94,8.69,0.048,0.302,0.334,112,1.08,0.569,58,0.296,54,1227,25.8,0.445,0.275,25.0,116,5.0,65
HEADHUNTER,555,9.24,8.9,9.71,7.92,0.04,0.265,0.286,156,1.17,0.735,83,0.342,73,1270,31.2,0.518,0.36,32.6,183,5.0,51
SHURIKEN,555,7.56,7.59,8.24,7.28,-0.025,0.31,0.323,137,0.86,0.746,59,0.397,78,1037,23.1,0.366,0.235,20.7,144,7.0,24
GADGET,521,9.61,8.32,10.3,9.27,0.008,0.29,0.287,136,1.22,0.662,77,0.305,59,1174,27.7,0.455,0.305,26.9,143,5.0,52
SPARK,472,8.72,7.08,7.97,7.64,0.001,0.288,0.295,115,1.1,0.677,62,0.358,53,937,23.6,0.382,0.25,22.3,122,6.0,40
REGRET,470,9.37,7.89,9.58,8.09,-0.018,0.277,0.295,115,1.12,0.662,65,0.26,50,991,25.3,0.418,0.274,25.9,129,5.0,47
KRAKEN,469,9.18,7.59,8.91,7.53,0.01,0.288,0.305,113,1.14,0.746,59,0.296,54,969,26.4,0.461,0.272,24.0,118,5.0,74
SCHOLAR,469,8.94,8.9,8.38,8.05,0.081,0.249,0.282,123,0.93,0.607,61,0.355,62,1027,24.3,0.431,0.263,23.6,133,5.0,67
LAZARUS,467,9.2,7.17,9.39,7.4,0.117,0.3,0.334,92,1.07,0.688,48,0.205,44,970,20.3,0.343,0.191,20.9,80,6.0,65
FUSE,458,10.64,9.76,10.18,8.71,0.068,0.251,0.268,112,1.05,0.702,57,0.273,55,1165,31.3,0.532,0.352,28.0,128,5.0,75
CRYSTAL,446,7.32,6.69,7.7,6.67,0.071,0.276,0.284,101,0.9,0.63,54,0.319,47,766,20.8,0.331,0.199,19.6,97,7.0,28
ENFORCER,439,7.94,6.48,8.68,8.03,0.032,0.301,0.323,107,0.98,0.558,52,0.218,55,744,24.3,0.429,0.243,24.2,76,5.0,68
MERCURY,438,8.65,7.47,8.84,7.71,-0.003,0.281,0.292,101,1.01,0.681,47,0.241,54,879,27.3,0.465,0.298,29.2,96,5.0,49
VALIANT,420,7.52,6.1,7.8,6.15,0.041,0.383,0.378,90,0.71,0.704,54,0.389,36,707,27.0,0.419,0.309,13.8,65,6.0,44
MERLIN,413,11.31,8.63,10.0,8.57,-0.007,0.31,0.283,105,1.19,0.7,50,0.4,55,1037,25.8,0.429,0.284,29.2,121,5.0,54
ACE,409,9.0,7.66,8.3,7.57,0.007,0.301,0.284,99,0.95,0.771,48,0.294,51,830,24.6,0.427,0.254,20.2,83,5.0,65
ROCKET,408,8.7,7.62,8.55,7.12,0.028,0.27,0.292,93,0.98,0.69,42,0.314,51,819,22.7,0.384,0.217,18.0,94,6.0,63
PRISMATIC,408,11.25,9.0,10.48,8.75,0.047,0.26,0.285,77,1.27,0.559,34,0.395,43,1031,27.6,0.459,0.299,26.3,85,5.0,53
LEO,404,10.99,8.94,10.7,8.76,0.086,0.243,0.281,84,0.98,0.646,48,0.361,36,1046,28.1,0.491,0.297,27.6,110,5.0,62
OVERDRIVE,400,9.98,8.51,9.52,8.18,0.059,0.315,0.33,88,1.08,0.675,40,0.417,48,916,25.3,0.458,0.258,27.0,106,5.0,63
ORIGINAL,395,8.35,7.15,8.27,7.41,0.022,0.306,0.283,81,0.98,0.581,43,0.447,38,756,20.9,0.355,0.202,17.7,81,6.0,52
HURRICANE,386,8.57,7.47,8.4,6.83,0.058,0.29,0.313,93,1.09,0.653,49,0.409,44,789,22.2,0.393,0.211,20.5,94,5.0,35
MINDFLAYER,374,8.34,6.79,9.36,7.89,0.092,0.31,0.333,82,0.88,0.68,50,0.312,32,726,22.9,0.369,0.224,21.6,68,6.0,26
OFFICER,372,11.09,9.66,9.34,8.64,0.167,0.212,0.244,65,1.11,0.829,41,0.625,24,1017,22.0,0.384,0.214,22.4,102,6.0,50
MAVERICK,361,8.92,8.4,8.49,7.58,0.076,0.316,0.316,81,1.04,0.737,38,0.419,43,770,21.7,0.367,0.195,21.6,86,6.0,47
PHOENIX,357,8.67,6.97,7.76,7.17,0.046,0.331,0.317,85,0.98,0.667,48,0.297,37,703,27.5,0.485,0.294,22.1,84,5.0,39
JUDGEMENT,356,8.38,8.46,8.79,7.33,0.032,0.298,0.311,86,1.1,0.643,42,0.409,44,736,26.0,0.44,0.275,27.3,89,5.0,66
MIRAGE,351,10.04,8.12,9.39,7.32,-0.04,0.296,0.292,85,0.94,0.723,47,0.447,38,810,22.9,0.392,0.228,17.9,103,5.0,52
LYNX,343,9.2,7.13,8.62,7.55,0.038,0.271,0.28,91,1.05,0.615,39,0.404,52,681,21.1,0.364,0.203,17.8,93,6.0,32
PATHFINDER,337,9.55,8.31,9.35,7.77,-0.02,0.338,0.319,74,0.85,0.743,35,0.359,39,768,25.2,0.423,0.277,24.1,82,5.0,32
SHROUD,331,9.54,7.04,9.0,7.34,0.101,0.326,0.337,63,0.86,0.676,37,0.462,26,707,26.8,0.447,0.296,24.7,66,6.0,24
KILLJOY,330,10.75,8.04,9.55,7.82,0.082,0.324,0.349,94,0.95,0.792,48,0.413,46,755,29.8,0.494,0.34,25.1,98,4.0,38
METEOR,330,9.1,7.13,8.08,7.7,0.133,0.309,0.341,88,0.89,0.595,42,0.326,46,659,29.2,0.487,0.34,21.1,72,5.0,39
LIZARD,330,9.66,8.78,10.8,8.87,-0.071,0.352,0.321,90,0.99,0.711,38,0.231,52,730,32.8,0.547,0.372,33.4,90,5.0,42
CLASH,329,9.5,7.54,8.12,6.41,-0.036,0.264,0.306,59,0.88,0.73,37,0.545,22,673,24.6,0.42,0.241,24.8,53,5.0,59
AVATAR,321,10.83,8.38,10.59,8.66,0.09,0.296,0.318,66,1.26,0.5,36,0.3,30,786,26.6,0.451,0.294,25.0,60,5.0,59
KEVLAR,318,9.18,7.87,8.69,7.68,-0.063,0.217,0.236,76,0.93,0.568,37,0.436,39,673,21.4,0.36,0.209,22.7,86,6.0,46
SAGE,310,7.42,6.77,8.04,6.45,0.088,0.252,0.275,82,0.98,0.676,34,0.312,48,492,25.4,0.443,0.257,25.4,62,6.0,29
NIRVANA,301,8.83,7.71,9.04,7.86,0.035,0.312,0.318,66,1.12,0.688,32,0.235,34,618,23.7,0.411,0.239,28.2,72,6.0,24
SENTRY,297,8.88,8.37,9.73,7.33,0.001,0.296,0.305,68,0.96,0.793,29,0.333,39,663,30.2,0.512,0.34,30.3,80,4.0,58
MERCENARY,287,10.29,8.37,7.85,7.47,0.08,0.206,0.247,82,1.06,0.806,36,0.522,46,642,24.8,0.444,0.261,21.5,97,5.0,48
PSYCHIC,283,6.98,6.27,8.07,6.36,0.034,0.332,0.336,71,0.77,0.926,27,0.295,44,484,23.0,0.359,0.248,19.5,67,6.0,36
STEEL,282,10.35,10.18,10.71,9.09,0.048,0.245,0.265,54,1.09,0.846,26,0.393,28,775,25.1,0.428,0.262,25.3,74,5.0,62
ASTRONAUT,276,8.38,8.55,9.95,7.9,0.07,0.38,0.392,60,0.98,0.645,31,0.276,29,568,27.6,0.459,0.315,19.4,60,5.0,34
MONSTER,259,9.41,6.9,9.67,7.92,0.068,0.351,0.369,73,1.01,0.541,37,0.25,36,525,31.1,0.534,0.366,26.1,70,5.0,31
GENIUS,256,8.57,6.94,8.48,7.49,0.138,0.289,0.327,71,0.87,0.6,35,0.278,36,479,19.9,0.325,0.197,18.0,67,6.0,27
RICOCHET,247,7.74,6.98,9.81,7.65,0.004,0.283,0.305,70,0.91,0.583,36,0.206,34,415,28.2,0.506,0.285,26.8,56,6.0,18
SABRE,246,10.42,8.91,10.76,8.92,-0.064,0.301,0.287,61,1.05,0.567,30,0.226,31,606,25.1,0.448,0.247,22.3,72,5.0,30
MISSILE,245,9.74,7.53,9.09,7.63,0.03,0.273,0.319,65,0.8,0.743,35,0.233,30,511,27.9,0.472,0.304,23.9,53,5.0,30
OCTANE,239,8.27,8.24,9.75,7.96,0.184,0.285,0.298,53,0.96,0.652,23,0.3,30,489,29.0,0.481,0.336,30.0,55,5.0,34
PINNACLE,228,11.18,8.64,9.07,9.25,0.045,0.197,0.257,45,1.13,0.69,29,0.375,16,589,19.6,0.324,0.174,27.7,61,6.0,33
SHARK,224,7.94,7.3,7.65,7.04,0.25,0.277,0.309,71,0.75,0.795,39,0.406,32,427,21.3,0.337,0.214,18.1,67,6.0,26
CLOCKWORK,208,8.45,8.2,9.22,7.78,0.137,0.255,0.298,48,1.04,0.615,13,0.371,35,428,30.7,0.538,0.357,25.8,53,5.0,25
SUMMIT,204,7.63,7.63,8.88,7.15,0.138,0.324,0.328,49,1.14,0.5,22,0.333,27,394,23.1,0.395,0.239,17.0,47,6.0,17
DREAD,200,8.62,7.75,10.0,8.54,0.127,0.24,0.297,44,0.98,0.682,22,0.273,22,416,25.7,0.441,0.252,22.1,42,6.0,19
PURSUIT,193,10.68,8.9,10.48,9.12,-0.047,0.228,0.276,71,1.04,0.586,29,0.238,42,472,20.8,0.352,0.2,19.1,81,6.0,32
ROMAN,186,8.93,7.39,9.48,9.14,0.071,0.22,0.254,41,0.78,0.593,27,0.071,14,379,27.5,0.493,0.296,31.8,46,6.0,18
IMPERIAL,183,9.36,7.83,9.13,7.96,0.131,0.279,0.317,45,1.11,0.364,22,0.435,23,396,28.3,0.486,0.297,35.7,48,5.0,15
TOMBSTONE,183,9.02,7.27,9.1,7.46,0.112,0.29,0.31,31,0.87,0.6,15,0.312,16,390,33.6,0.571,0.38,30.0,30,4.0,22
UNICORN,181,7.2,6.96,8.39,7.22,0.098,0.343,0.359,49,1.37,0.583,24,0.44,25,314,27.2,0.464,0.311,21.0,48,6.0,21
KATANA,172,7.16,6.77,7.42,6.93,0.145,0.326,0.334,42,0.9,0.684,19,0.261,23,306,23.1,0.389,0.233,28.2,38,6.0,23
WARRIOR,145,8.19,8.14,6.44,6.14,0.12,0.317,0.299,38,0.68,0.778,18,0.2,20,287,20.5,0.341,0.195,24.3,28,6.0,20
DON,139,7.15,6.09,7.91,6.17,-0.05,0.417,0.395,35,0.71,0.833,12,0.304,23,220,27.2,0.439,0.321,28.4,28,5.0,8
SEEKER,136,6.6,5.54,7.07,6.01,-0.014,0.301,0.318,42,0.9,0.6,20,0.273,22,182,21.0,0.341,0.214,14.7,26,6.0,9
ANVIL,131,6.96,5.61,9.93,7.76,0.14,0.29,0.285,23,0.83,0.6,15,0.125,8,214,20.6,0.325,0.196,23.7,16,6.0,5
RELIC,89,9.7,9.02,9.9,8.48,0.046,0.213,0.224,18,1.06,0.5,6,0.167,12,217,21.3,0.41,0.195,20.3,20,5.0,17
DAME,81,7.11,6.74,9.12,7.51,0.067,0.296,0.364,23,1.26,0.444,9,0.286,14,138,28.1,0.438,0.297,22.9,20,6.0,10
MIDAS,79,7.39,8.57,9.99,6.97,-0.11,0.38,0.304,12,0.58,0.0,2,0.1,10,161,28.9,0.503,0.31,21.4,14,5.0,6
SENTINEL,77,6.57,5.13,8.77,7.36,0.034,0.325,0.339,15,0.93,0.286,7,0.125,8,109,28.8,0.48,0.333,5.8,11,6.0,7
DESTINY,77,5.12,5.44,10.16,8.12,-0.076,0.26,0.27,20,0.55,0.4,5,0.133,15,101,22.1,0.386,0.17,24.0,11,5.0,13
STRIDER,77,10.23,6.51,8.42,6.92,0.181,0.325,0.341,32,0.97,0.765,17,0.333,15,160,22.3,0.333,0.236,22.0,29,6.0,16
MIMIC,67,7.93,6.7,9.03,8.93,0.174,0.224,0.262,17,1.35,0.625,8,0.444,9,126,28.2,0.483,0.302,32.0,19,5.0,10
SORCERER,60,7.57,8.35,11.78,8.82,0.055,0.25,0.269,3,1.67,0.0,2,1.0,1,126,15.6,0.209,0.113,6.4,5,6.0,11
NEON,50,5.28,5.62,8.74,6.32,0.188,0.4,0.4,12,1.42,0.6,5,0.429,7,63,35.6,0.604,0.434,26.2,11,4.0,10
