axis,cell,market,selection,n,matches,realized,prod_predicted,prod_gap,prod_brier,candidate_predicted,candidate_gap,candidate_brier,brier_delta,ci_low,ci_high,p_value,closer
full cell,Tight Q1 Home,moneyline,Home,1731,305,0.5332177931831311,0.5354795493934142,-0.002261756210283128,0.25057601636626226,0.5339043905257077,-0.0006865973425765892,0.24552534775852108,0.006551595260575398,-0.001028386404706038,0.01427847506574072,0.09653321508383458,candidate
full cell,Tight Q1 Home,spread,Home,1694,305,0.5070838252656434,0.5003703069657615,0.006713518299881982,0.24940099738488786,0.48882378984651714,0.018260035419126297,0.23641605475206612,0.011510496626334502,0.003483928647993445,0.01954135589017931,0.0050338782779147185,prod
full cell,Tight Q1 Home,total,Over,1684,305,0.4483372921615202,0.5006706650831354,-0.05233337292161522,0.24922046811163895,0.4485932304038005,-0.00025593824228031803,0.23006509263657957,0.014591770832970308,0.0034138716381674748,0.025827589872073186,0.015090404767857125,candidate
full cell,Tight Q1 Away,moneyline,Home,1646,285,0.4775212636695018,0.47011998784933173,0.0074012758201700835,0.24334600970230863,0.4681376063183475,0.009383657351154318,0.23011940501215067,0.007604988517924855,8.074478752435859e-05,0.015164652259965565,0.046545855484981066,prod
full cell,Tight Q1 Away,total,Over,1600,285,0.414375,0.4991765625,-0.08480156249999998,0.24911117851875,0.435939375,-0.021564375000000024,0.24818205062499998,-0.0017657678215070543,-0.017009366964146483,0.011369580355518846,0.7919794042877547,candidate
full cell,Tight Q1 Away,spread,Home,1607,285,0.5127566894835096,0.49941381456129436,0.013342874922215253,0.24913648884878653,0.5086748599875545,0.004081829495955147,0.23825006860609832,0.00909413882902585,0.0017955908256904916,0.016337243787433228,0.022294831806780612,candidate
full cell,Tight Q2 Away,moneyline,Home,1304,271,0.37346625766871167,0.4337980828220859,-0.06033182515337421,0.22813318963957055,0.42409286809815955,-0.05062661042944788,0.21354227488496932,0.014766683849193447,0.0068800211524898845,0.02361647078127254,0.0005746424300631277,candidate
full cell,Tight Q2 Away,spread,Home,1215,262,0.5152263374485597,0.5004365432098765,0.014789794238683207,0.24889606994238683,0.5217016460905349,-0.006475308641975208,0.22931226028806587,0.017851704558458293,0.009712592597306531,0.026028973564517548,2.5299750808636992e-05,candidate
full cell,Tight Q2 Away,total,Over,1224,267,0.397875816993464,0.49798488562091503,-0.100109068627451,0.2488225927369281,0.4539722222222223,-0.05609640522875825,0.23892310498366015,0.0073809443614315335,-0.004337027311034366,0.018624166801372573,0.1999604721605154,candidate
full cell,Away 1 score Q2 Away,moneyline,Home,850,216,0.26941176470588235,0.26614364705882354,0.0032681176470588102,0.1924764398,0.2402821176470588,0.029129647058823538,0.18157111004705884,0.015116829018623866,0.007341885504721489,0.02280564641118346,7.140915881877831e-05,prod
full cell,Away 1 score Q2 Away,total,Over,765,215,0.4222222222222222,0.49825254901960786,-0.07603032679738564,0.24962041764705883,0.4790869281045752,-0.056864705882352984,0.26206110098039215,-0.005372256350831596,-0.01899241794789758,0.007644269205113237,0.41101456681171805,candidate
full cell,Away 1 score Q2 Away,spread,Home,703,212,0.49359886201991465,0.5002452347083925,-0.006646372688477897,0.24855911846372689,0.5236394025604552,-0.030040540540540506,0.24747130689900426,0.009799321706958788,0.00035259667474965247,0.018159360907425114,0.027877255916969153,prod
full cell,Away 1 score Q2 Home,moneyline,Home,1363,224,0.38004402054292,0.3764602347762289,0.0035837857666911055,0.2247629095011005,0.355173587674248,0.02487043286867202,0.21710971213499636,0.007220305207592011,-0.001098701342412796,0.01416103758994106,0.060813566416695546,prod
full cell,Away 1 score Q2 Home,spread,Home,1356,223,0.5250737463126843,0.49978952802359883,0.025284218289085503,0.25188305089970503,0.49755567846607673,0.027518067846607597,0.24339705106932152,0.011504929062615514,0.0019806206102407865,0.020616275925804887,0.01444557907753199,prod
full cell,Away 1 score Q2 Home,total,Over,1337,223,0.42408376963350786,0.4981076290201945,-0.07402385938668665,0.2506009263201197,0.4516327599102468,-0.02754899027673896,0.2485427883320868,-0.0020948133562251193,-0.01439334576633631,0.009726521663850974,0.7450358064687426,candidate
full cell,Tight Q2 Home,moneyline,Home,1232,266,0.5454545454545454,0.5511262987012987,-0.005671753246753286,0.2292304833603896,0.5629015422077922,-0.01744699675324679,0.22218995250811688,0.004860793016319525,-0.0033238265978579673,0.01263913889592822,0.21970833350580116,prod
full cell,Tight Q2 Home,spread,Home,1131,264,0.4827586206896552,0.49840185676392573,-0.01564323607427054,0.24750438561450042,0.48226348364279403,0.0004951370468611604,0.23212700530503977,0.012486014398997885,0.0037633301194448334,0.021117210613024913,0.0063243825284187835,candidate
full cell,Tight Q2 Home,total,Over,1130,263,0.4486725663716814,0.4965672566371681,-0.047894690265486706,0.2489512825840708,0.4508641592920354,-0.0021915929203539797,0.24470193207964602,0.01049866298844533,-0.0009713376927052682,0.022951783975504958,0.06433520084598887,candidate
full cell,Away 1 score Q3 Away,moneyline,Home,642,154,0.14797507788161993,0.18797398753894082,-0.03999890965732089,0.1294089620716511,0.1704976635514019,-0.022522585669781964,0.12489518674454829,0.01021045734351164,0.002966881199623786,0.01805997294408369,0.01144125026439275,candidate
full cell,Away 1 score Q3 Away,spread,Home,587,152,0.4855195911413969,0.5176487223168654,-0.032129131175468506,0.24869305642248724,0.5597393526405452,-0.07421976149914827,0.2528456916524702,-0.0018703387807278715,-0.013858282491358615,0.009029692886199857,0.7477954517058092,prod
full cell,Away 1 score Q3 Away,total,Over,580,153,0.41379310344827586,0.4913325862068965,-0.07753948275862066,0.2453812758448276,0.5031646551724138,-0.08937155172413797,0.2494372659482759,-0.0068418842413113376,-0.020699246053091605,0.006633853225671747,0.3238205100229443,prod
full cell,Away 1 score Q4 Away,moneyline,Home,785,166,0.08152866242038216,0.1485899363057325,-0.06706127388535034,0.08246456653503184,0.08212203821656051,-0.0005933757961783526,0.06762421798726115,0.020122618183592005,0.0042488311048479626,0.03742926794736789,0.01303951565278948,candidate
full cell,Away 1 score Q4 Away,spread,Home,611,147,0.6104746317512275,0.5249296235679214,0.08554500818330613,0.23970971004909983,0.6443523731587562,-0.03387774140752864,0.18802808086743045,0.05543160284359141,0.028993823578857086,0.08171802846029047,2.8020064622132128e-05,candidate
full cell,Away 1 score Q4 Away,total,Over,707,159,0.347949080622348,0.4777584158415841,-0.12980933521923615,0.24051600198019804,0.3491089108910891,-0.0011598302687411133,0.17730564336633664,0.06580025289422527,0.042199569883867874,0.08494262638397905,7.106251298573527e-09,candidate
full cell,Away 1 score Q4 Home,moneyline,Home,871,163,0.1997703788748565,0.27257416762342135,-0.07280378874856486,0.14266410380022962,0.25706291618828936,-0.05729253731343287,0.13937010025258323,0.009006784940768202,-0.0020533401524694224,0.021163983082335053,0.12815543165453364,candidate
full cell,Away 1 score Q4 Home,spread,Home,826,154,0.48426150121065376,0.4779566585956416,0.0063048426150121295,0.2514241513559322,0.45319503631961255,0.0310664648910412,0.2175416796731235,0.054596043083510265,0.033556865996219286,0.07381942653656008,3.5905578741211605e-07,prod
full cell,Away 1 score Q4 Home,total,Over,774,156,0.3772609819121447,0.4841910852713178,-0.10693010335917313,0.2403032161369509,0.38109198966408264,-0.0038310077519379537,0.2069464330490956,0.04406589877470899,0.022351302616120085,0.06538071843941919,5.664003834685125e-05,candidate
full cell,Home 1 score Q2 Home,moneyline,Home,1045,233,0.7425837320574162,0.7488908133971293,-0.006307081339713028,0.183507656430622,0.770575980861244,-0.02799224880382778,0.17649489842105265,0.009313277113745456,0.0005014836495429903,0.017234934538080893,0.02370680695591614,prod
full cell,Home 1 score Q2 Home,spread,Home,885,231,0.45084745762711864,0.4990102824858757,-0.04816282485875706,0.2489271243502825,0.4725502824858757,-0.021702824858757075,0.24341885084745762,0.009813260770578505,0.0004673356957011193,0.01803715041856279,0.024990731326981968,candidate
full cell,Home 1 score Q3 Home,moneyline,Home,725,164,0.84,0.827823172413793,0.012176827586206973,0.12551485313103447,0.8342190344827587,0.005780965517241277,0.12046042052413794,0.005841226610682167,-0.0006012806511324028,0.014147776750215573,0.09055266613476526,candidate
full cell,Home 1 score Q3 Home,spread,Home,680,163,0.4588235294117647,0.4758826470588235,-0.017059117647058808,0.25313832770588235,0.43414117647058825,0.024682352941176433,0.23922994044117646,0.011507648870475125,0.0005341273995077908,0.023016545487382592,0.048058094006535504,prod
full cell,Home 1 score Q3 Home,total,Over,694,163,0.47406340057636887,0.49109236311239196,-0.017028962536023096,0.2495711805331412,0.49195605187319885,-0.017892651296829987,0.25578006087896255,0.0016271580085761232,-0.010010345882227184,0.012858348091183526,0.7934449499906711,prod
full cell,Home 1 score Q3 Away,moneyline,Home,799,166,0.7083854818523154,0.6868733416770963,0.021512140175219074,0.18913661073842303,0.6856196495619525,0.022765832290362886,0.18867126574468085,0.0030576541149598354,-0.003928620690497925,0.009753762697910685,0.35861016229507536,prod
full cell,Home 1 score Q3 Away,spread,Home,792,166,0.4734848484848485,0.5081852272727273,-0.034700378787878794,0.24736741309343435,0.4898440656565657,-0.016359217171717177,0.23942558869949496,0.013117377925817986,0.002325624575305547,0.023901933551735078,0.014914196657072894,candidate
full cell,Home 1 score Q3 Away,total,Over,761,163,0.36136662286465177,0.4889300919842313,-0.12756346911957955,0.2467478155847569,0.4695381077529567,-0.10817148488830491,0.23809151412614982,0.005197096506586456,-0.006181815350667063,0.017422170733569255,0.383093119503631,candidate
full cell,Home 1 score Q4 Away,moneyline,Home,915,178,0.6491803278688525,0.7213304918032787,-0.07215016393442619,0.19685610649180327,0.7288895081967213,-0.07970918032786878,0.1956245484262295,-0.001903290480880698,-0.010498982670345568,0.006359940045454078,0.6574972671145755,prod
full cell,Home 1 score Q4 Away,spread,Home,875,171,0.5028571428571429,0.519484,-0.016626857142857054,0.24974907331428572,0.5403037714285714,-0.03744662857142855,0.23038354329142854,0.027269422263835094,0.00399953907696852,0.0511357473547927,0.021418930316573888,prod
full cell,Home 1 score Q4 Away,total,Over,808,166,0.3910891089108911,0.48367339108910895,-0.09258428217821785,0.2429262820420792,0.399282301980198,-0.008193193069306881,0.22262680399752477,0.017861058227985036,-0.0026010443809762894,0.03938984847766775,0.10777565179512595,candidate
full cell,Home 1 score Q4 Home,moneyline,Home,858,188,0.9032634032634033,0.8889280885780886,0.014335314685314682,0.07550864611888113,0.915359324009324,-0.012095920745920696,0.07219420229603729,0.0017013356798206288,-0.009831987935611809,0.012609128136528968,0.7734801790764959,candidate
full cell,Home 1 score Q4 Home,spread,Home,677,171,0.3249630723781389,0.4794234859675037,-0.15446041358936485,0.24074302545051698,0.33147651403249634,-0.006513441654357466,0.18597447485967503,0.04606799345878082,0.019580791797913583,0.06832556523845144,0.00013584020655591547,candidate
full cell,Away 1 score Q1 Away,moneyline,Home,289,129,0.43944636678200694,0.382740830449827,0.05670553633217995,0.2549643455017301,0.3217169550173011,0.11772941176470586,0.2486648348788927,0.0062600428183831715,-0.010221180088593572,0.022163965865633076,0.43270392210971453,prod
full cell,Away 1 score Q1 Away,total,Over,180,128,0.5222222222222223,0.49913722222222223,0.023085000000000022,0.25000662127777773,0.48639722222222226,0.035824999999999996,0.2445323736111111,0.0053369702215401655,-0.01126465104427085,0.022621248389508915,0.5460146202102005,prod
full cell,Away 1 score Q1 Away,spread,Home,173,128,0.5317919075144508,0.5032942196531792,0.028497687861271603,0.24799839277456645,0.5016329479768786,0.030158959537572194,0.23987143497109825,0.008809349424479165,-0.005947489424479174,0.021928787085937495,0.1896500964314162,prod
full cell,Away 1 score Q1 Home,moneyline,Home,476,123,0.46008403361344535,0.37900357142857144,0.08108046218487391,0.25009633228991596,0.35347457983193276,0.1066094537815126,0.2379568800210084,0.009994341574217799,-0.0017407885599285474,0.021844504922069134,0.08919322482589025,prod
full cell,Away 1 score Q1 Home,spread,Home,474,123,0.5527426160337553,0.5016702531645569,0.05107236286919836,0.2466002191350211,0.49318248945147675,0.05956012658227855,0.23643277478902955,0.006927886500554314,-0.005537659297548668,0.019214281793237243,0.2822970189744967,prod
full cell,Away 1 score Q1 Home,total,Over,473,123,0.4334038054968288,0.4982813953488372,-0.06487758985200842,0.24819344167019028,0.44997040169133196,-0.01656659619450318,0.24408210993657506,-0.0001180386926055004,-0.017946307057200937,0.019658595839914826,0.9896550390077148,candidate
full cell,Away 1 score Q3 Home,moneyline,Home,763,157,0.2581913499344692,0.32887260812581914,-0.07068125819134996,0.18908126280471824,0.325205373525557,-0.06701402359108782,0.18393487933158584,0.004448424018473565,-0.00206733219248674,0.010954402836620917,0.17064599838101935,candidate
full cell,Away 1 score Q3 Home,spread,Home,757,157,0.4623513870541612,0.49090700132100396,-0.028555614266842777,0.25246525881109644,0.5087410832232497,-0.04638969616908856,0.24178279194187582,0.008244869287969457,-0.00024391631640369852,0.017513929488832816,0.10256088133502533,prod
full cell,Away 1 score Q3 Home,total,Over,735,157,0.4013605442176871,0.48968326530612244,-0.08832272108843536,0.2453387205170068,0.4611380952380953,-0.059777551020408215,0.25134371054421767,-0.0019126168030073269,-0.015779577937139824,0.011577715729864616,0.7711870814858877,candidate
full cell,Tight Q3 Home,moneyline,Home,547,129,0.6051188299817185,0.5866449725776964,0.018473857404022076,0.21738825330895795,0.5962429616087751,0.008875868372943407,0.2134290526691042,0.0011030386034206973,-0.010327851274086376,0.013042386883167216,0.8648191720419112,candidate
full cell,Tight Q3 Home,spread,Home,519,124,0.4797687861271676,0.49850539499036617,-0.018736608863198556,0.24681374703275533,0.4375462427745665,0.042222543352601116,0.23878803516377647,0.009491065890358075,-0.004658991875546939,0.024592381298355084,0.21854400868341142,prod
full cell,Tight Q3 Home,total,Over,500,122,0.362,0.496659,-0.13465900000000003,0.24742064686,0.449246,-0.08724599999999999,0.24505771899999998,-0.002791195541119631,-0.017912812921394867,0.013072332989487965,0.7241372639479174,candidate
full cell,Tight Q3 Away,moneyline,Home,510,127,0.4019607843137255,0.41818254901960783,-0.016221764705882324,0.21161479100000002,0.4066639215686274,-0.004703137254901901,0.21299128196078432,-0.0025387192598141086,-0.013642121927790272,0.008307718775536582,0.6673526937143214,candidate
full cell,Tight Q3 Away,spread,Home,487,123,0.5770020533880903,0.5013498973305954,0.07565215605749487,0.2446289726899384,0.5643613963039015,0.012640657084188822,0.23708373613963038,0.009965764176078433,-0.00467531712961497,0.025126667944121817,0.1891743566710963,candidate
full cell,Tight Q3 Away,total,Over,466,122,0.3562231759656652,0.4898770386266095,-0.13365386266094426,0.24732073396995707,0.4404613733905579,-0.08423819742489269,0.23882159763948496,-0.004609891829252712,-0.021420598015104198,0.011301843716834625,0.6064423679148964,candidate
full cell,Away 2 score Q4 Away,moneyline,Home,526,93,0.0019011406844106464,0.08461235741444868,-0.08271121673003803,0.009023415646387832,0.0065475285171102664,-0.00464638783269962,0.0020144243346007606,0.006300188851378609,0.003299283947427421,0.00823320211064175,5.945657818454389e-06,candidate
full cell,Away 2 score Q4 Away,spread,Home,292,78,0.4349315068493151,0.507768493150685,-0.07283698630136987,0.245647327739726,0.5501784246575342,-0.11524691780821911,0.19019858852739727,0.03631163259162596,0.010479760891839626,0.06364977966539478,0.005157234265945337,prod
full cell,Away 2 score Q4 Away,total,Over,440,90,0.24772727272727274,0.47478590909090906,-0.22705863636363632,0.23268303263636364,0.3829331818181818,-0.13520590909090907,0.17956242140909093,0.05226875096099887,0.029023317550020033,0.07373383939181898,3.8207533961081736e-06,candidate
full cell,Away 2 score Q4 Home,moneyline,Home,674,103,0.01483679525222552,0.08281528189910979,-0.06797848664688427,0.01927668455489614,0.02193353115727003,-0.00709673590504451,0.014848026439169137,0.0041955734738280655,0.0024686672593344757,0.005504920699130159,2.6099234805043732e-06,candidate
full cell,Away 2 score Q4 Home,spread,Home,606,100,0.43564356435643564,0.49312574257425745,-0.05748217821782181,0.24475877006600663,0.528693399339934,-0.09304983498349834,0.2443976700330033,0.0037011735647281695,-0.015516733781537,0.02101243348627579,0.7078636503506696,prod
full cell,Away 2 score Q4 Home,total,Over,605,101,0.3867768595041322,0.49181702479338846,-0.10504016528925625,0.24596287654545457,0.47647438016528926,-0.08969752066115705,0.22885431371900825,0.015490233465830103,-0.004108898012690555,0.0322415780626277,0.08993598100483718,candidate
full cell,Tight Q4 Home,moneyline,Home,645,143,0.6604651162790698,0.6363327131782945,0.024132403100775246,0.1590038909147287,0.6703924031007752,-0.009927286821705406,0.1546128468372093,0.003400815548324049,-0.015619029858535407,0.02363170686623341,0.7300721151172054,candidate
full cell,Tight Q4 Home,spread,Home,579,137,0.38341968911917096,0.49839844559585494,-0.11497875647668399,0.2387862875129534,0.39051416234887737,-0.007094473229706411,0.18068088364421417,0.05854000121308639,0.029584193142183655,0.0874413613621012,0.00010093395238860126,candidate
full cell,Tight Q4 Home,total,Over,543,125,0.27071823204419887,0.47742394106813996,-0.2067057090239411,0.24072998607734805,0.3559397790055248,-0.08522154696132594,0.20332191906077346,0.030831520663993563,0.006437284227283155,0.05803473893816739,0.03459833864592652,candidate
full cell,Tight Q4 Away,moneyline,Home,570,140,0.2578947368421053,0.3724475438596491,-0.11455280701754383,0.15715594780701755,0.3120764912280702,-0.0541817543859649,0.14185653677192983,0.03449192811207483,0.011709265596753254,0.057673922101618216,0.004619974545082453,candidate
full cell,Tight Q4 Away,spread,Home,522,130,0.603448275862069,0.5107672413793103,0.09268103448275866,0.23802529492337163,0.5992298850574713,0.004218390804597627,0.18220144045977013,0.05204519476572872,0.023456798141852597,0.07848748177554668,0.0002844835151960973,candidate
full cell,Tight Q4 Away,total,Over,481,118,0.26403326403326405,0.48314719334719336,-0.2191139293139293,0.2431307869022869,0.3605299376299376,-0.09649667359667358,0.19882771316008316,0.05515876817891689,0.028202310917140535,0.08313207077953262,0.00010966516174154506,candidate
full cell,Home 1 score Q4 Home,total,Over,727,179,0.328748280605227,0.48006382393397523,-0.15131554332874825,0.23807893562585972,0.3756253094910592,-0.04687702888583223,0.1926978922420908,0.047196723155988024,0.02468683200138471,0.06505533262640432,3.6605515840841856e-06,candidate
full cell,Home 1 score Q1 Home,moneyline,Home,383,153,0.577023498694517,0.628598955613577,-0.05157545691906007,0.2363388362924282,0.6755843342036554,-0.09856083550913841,0.23925977895561357,-0.004596739652505452,-0.01809693778867103,0.0096090507701525,0.5143080786543607,prod
full cell,Home 1 score Q1 Home,spread,Home,241,150,0.3900414937759336,0.49947842323651453,-0.10943692946058092,0.25102692817427386,0.48200622406639004,-0.09196473029045643,0.24774515041493775,-0.0020862486460846525,-0.01354315354259259,0.008291573227248675,0.7118920229110823,candidate
full cell,Home 1 score Q1 Home,total,Over,246,150,0.45934959349593496,0.49927439024390247,-0.039924796747967506,0.24915119841463415,0.5004857723577236,-0.041136178861788664,0.24200294613821138,0.008371477232486773,-0.008016987540370364,0.023939715446666666,0.2964842341518242,prod
full cell,Home 1 score Q1 Away,moneyline,Home,606,140,0.5973597359735974,0.6247937293729373,-0.02743399339933994,0.22114098194719473,0.6380823432343234,-0.040722607260726074,0.22730118816831682,-0.0068987691225649355,-0.01832472269263811,0.0030614033942640614,0.22636916367804927,prod
full cell,Home 1 score Q1 Away,spread,Home,604,140,0.48509933774834435,0.500298344370861,-0.015199006622516609,0.2502848314569536,0.4937971854304635,-0.008697847682119175,0.25075947971854307,-0.002562867796016287,-0.013240748115651417,0.007648388125850336,0.6406710837819001,candidate
full cell,Home 1 score Q1 Away,total,Over,602,140,0.4900332225913621,0.4991142857142857,-0.00908106312292356,0.2504270544850498,0.46925913621262455,0.020774086378737566,0.23558947093023255,0.010637925925219024,-0.004539928883565252,0.027160113394387748,0.2158189816183263,prod
full cell,Home 1 score Q2 Home,total,Over,946,228,0.46723044397463004,0.4983520084566596,-0.031121564482029573,0.2509055222832981,0.4784270613107822,-0.011196617336152181,0.2419382822410148,0.006643553839832801,-0.005235001181024144,0.01814966547463744,0.2727871575847681,candidate
full cell,Home 1 score Q2 Away,moneyline,Home,1572,241,0.6087786259541985,0.6372991094147583,-0.028520483460559798,0.22250010262086514,0.6537710559796438,-0.044992430025445285,0.21944057620229007,0.0022114392465463293,-0.00504017173626518,0.009936770536026499,0.5616521754042794,prod
full cell,Home 1 score Q2 Away,spread,Home,1565,241,0.46134185303514375,0.5019504153354633,-0.040608562300319506,0.24810716451118212,0.5012070287539936,-0.03986517571884984,0.23990006581469647,0.007072849091336917,-0.0009247246263889946,0.014867787504825165,0.08945299505221273,candidate
full cell,Home 1 score Q2 Away,total,Over,1531,240,0.4552580013063357,0.4981422599608099,-0.042884258654474205,0.24957008539516656,0.4504147615937296,0.0048432397126060844,0.24457137491835404,0.0073666087089520995,-0.004615847469554983,0.019597549457945698,0.21249290247130292,candidate
full cell,Away 2 score Q3 Away,moneyline,Home,304,67,0.05921052631578947,0.08928453947368421,-0.030074013157894743,0.05881001608552632,0.032073026315789475,0.027137499999999995,0.057515674736842104,0.0036248730157686453,-0.0018425662008990115,0.008405638866678512,0.19523179201344917,candidate
full cell,Away 2 score Q3 Away,spread,Home,237,67,0.45147679324894513,0.5099388185654009,-0.05846202531645578,0.24864755151898735,0.5704831223628691,-0.119006329113924,0.2603946276371308,0.000947584557036246,-0.01804000583386638,0.020589555503909028,0.9254065013968602,prod
full cell,Away 2 score Q3 Away,total,Over,262,64,0.40458015267175573,0.4923530534351145,-0.08777290076335875,0.2506208248473282,0.5170973282442748,-0.11251717557251906,0.24711885973282444,0.004000829866150767,-0.01914842125669644,0.022925621866680186,0.6981134726634479,prod
full cell,Home 2 score Q2 Home,moneyline,Home,304,80,0.8421052631578947,0.8975246710526317,-0.05541940789473698,0.1328294513486842,0.9162730263157896,-0.07416776315789486,0.13369435032894736,0.0009783412346882395,-0.007190938284564377,0.00860086152938521,0.818959725383989,prod
full cell,Home 2 score Q2 Home,spread,Home,227,79,0.4008810572687225,0.5015017621145375,-0.10062070484581498,0.2496172625110132,0.4785748898678414,-0.07769383259911894,0.24689190859030838,0.006357484849055646,-0.006061949073889908,0.019550471078059063,0.33071934980246825,candidate
full cell,Home 2 score Q2 Home,total,Over,266,78,0.4849624060150376,0.4987240601503759,-0.013761654135338308,0.2484566727819549,0.5016898496240602,-0.016727443609022563,0.23845160620300754,0.005385639294978169,-0.012856944701867575,0.022659051168706288,0.5528548644476909,prod
full cell,Home 2 score Q2 Away,moneyline,Home,405,79,0.7950617283950617,0.8743212345679012,-0.0792595061728395,0.15304486120987654,0.8820148148148148,-0.08695308641975308,0.15528284691358024,-0.0015594477581904718,-0.008252041635064999,0.0048507564544284865,0.6566074333345506,prod
full cell,Home 2 score Q2 Away,spread,Home,396,79,0.4318181818181818,0.4980727272727272,-0.0662545454545454,0.24919886560606058,0.4847588383838384,-0.05294065656565655,0.2417249311868687,0.004401300124602892,-0.0068582119661347776,0.015744195754856607,0.4435587004945342,candidate
full cell,Home 2 score Q2 Away,total,Over,395,79,0.4835443037974684,0.5005529113924051,-0.01700860759493672,0.24940883807594938,0.5023493670886076,-0.01880506329113918,0.23886075316455696,0.0078676189101275,-0.008459083234638422,0.024978966863513072,0.3726182670416885,prod
full cell,Home 2 score Q3 Away,moneyline,Home,544,84,0.8933823529411765,0.9445887867647059,-0.05120643382352941,0.09352466358455883,0.9445617647058823,-0.05117941176470575,0.09199304823529411,0.0011767391024904335,-0.0008460322742683928,0.0036617316014808613,0.3115200536009667,candidate
full cell,Home 2 score Q3 Away,spread,Home,528,84,0.4734848484848485,0.5008973484848485,-0.02741249999999995,0.24994750708333333,0.46501041666666665,0.00847443181818186,0.2435235099431818,0.004877473303202421,-0.01139961974496106,0.020197746969765364,0.5038539057010083,candidate
full cell,Home 2 score Q3 Away,total,Over,527,84,0.42125237191650855,0.4925288425047438,-0.07127647058823527,0.24703398032258067,0.5350028462998103,-0.11375047438330177,0.24196215702087284,0.0081544097368374,-0.006957670715050657,0.02467318121193224,0.32081255960676847,prod
full cell,Home 2 score Q4 Away,moneyline,Home,787,117,0.97712833545108,0.9775707750952987,-0.00044243964421863957,0.02258717324015248,0.9865654383735706,-0.009437102922490559,0.02164288297331639,0.0015091796453413375,-0.00086686457295959,0.005149758250352538,0.3247408418856861,prod
full cell,Home 2 score Q4 Away,spread,Home,714,108,0.4943977591036415,0.5002127450980393,-0.005814985994397781,0.24649915553221288,0.48525,0.009147759103641462,0.22061249701680674,0.024812558933873415,0.005884349560442835,0.0432792978539462,0.006307976745036955,prod
full cell,Home 2 score Q4 Away,total,Over,698,112,0.4584527220630373,0.4933103151862464,-0.03485759312320913,0.24479699226361032,0.47920143266475645,-0.020748710601719178,0.2318766975071633,0.009727899162480281,-0.007348764166669386,0.02595886022430912,0.26839065408767787,candidate
full cell,Tight OT Home,moneyline,Home,49,7,0.3673469387755102,0.6305510204081634,-0.26320408163265313,0.24245810367346937,0.6025510204081632,-0.235204081632653,0.31967216693877554,-0.02557709928741499,-0.1441195756394558,0.10238229302551016,0.7134062507410588,candidate
full cell,Tight OT Home,spread,Home,44,7,0.4318181818181818,0.5170477272727273,-0.08522954545454547,0.25597221022727273,0.43540681818181814,-0.0035886363636363217,0.2258165343181818,0.05617701670918369,-0.1229937096173469,0.2234827968112245,0.5596364338965314,candidate
full cell,Tight OT Home,total,Over,47,6,0.2978723404255319,0.4800595744680851,-0.18218723404255321,0.2342167570212766,0.19503191489361704,0.10284042553191486,0.15862449468085105,0.13958371045238094,-0.009377760357142917,0.22641942976190477,0.05853535743488105,candidate
full cell,Home 1 score OT Home,moneyline,Home,11,4,0.8181818181818182,0.7079454545454545,0.11023636363636369,0.09948036545454544,0.8191545454545455,-0.0009727272727272362,0.10869941181818182,-0.018738578750000005,-0.16590825499999995,0.09255559874999995,0.799353910090338,candidate
full cell,Home 1 score OT Home,spread,Home,6,4,0.3333333333333333,0.5045666666666667,-0.1712333333333334,0.23049407,0.24905,0.08428333333333332,0.25722958833333337,-0.00832367999999999,-0.16319479500000003,0.09051600000000001,0.9093959786795074,candidate
full cell,Home 1 score OT Home,total,Over,4,3,0.0,0.46757499999999996,-0.46757499999999996,0.2191460125,0.0001,-0.0001,1e-08,0.22093509166666667,0.19501055,0.25401599,6.413248610232819e-37,candidate
full cell,Home 1 score OT Away,moneyline,Home,7,4,0.7142857142857143,0.6885857142857142,0.025700000000000056,0.12205665,0.7214999999999999,-0.007214285714285618,0.1708049642857143,-0.040573605000000006,-0.13354141000000003,0.03815784999999999,0.4458384277324355,candidate
full cell,Home 1 score OT Away,spread,Home,7,4,0.2857142857142857,0.4994,-0.2136857142857143,0.22527713714285716,0.43684285714285714,-0.15112857142857145,0.11568078714285714,0.09976819500000003,0.015608055000000051,0.183928335,0.04375185478937291,candidate
full cell,Home 1 score OT Away,total,Over,4,2,0.0,0.47745000000000004,-0.47745000000000004,0.23057195000000003,0.0001,-0.0001,1e-08,0.23057194000000003,0.18183139,0.27931249,2.2385961597901612e-06,candidate
full cell,Tight OT Away,moneyline,Home,25,6,0.08,0.45126399999999994,-0.3712639999999999,0.192462504,0.384328,-0.304328,0.13376022880000002,0.008893036500000001,-0.06452529916666666,0.08215396566666666,0.8354638211524166,candidate
full cell,Tight OT Away,spread,Home,23,6,0.34782608695652173,0.5013739130434783,-0.1535478260869566,0.2556714886956522,0.5704173913043479,-0.22259130434782615,0.1649592286956522,0.1404810947777778,-0.014547257888888901,0.23758918000000004,0.059865124095087166,prod
full cell,Away 2 score Q1 Away,moneyline,Home,13,7,0.38461538461538464,0.222,0.16261538461538463,0.2774614369230769,0.1609615384615385,0.22365384615384615,0.2723049423076923,0.0059733514285714205,-0.03254977928571431,0.04307221357142856,0.7670546086279171,prod
full cell,Away 2 score Q1 Away,spread,Home,7,7,0.5714285714285714,0.4912,0.08022857142857137,0.2586414457142857,0.5255,0.04592857142857143,0.25917575000000004,-0.0005343042857143344,-0.05218594571428577,0.04299302571428568,0.9844837261751567,candidate
full cell,Away 2 score Q1 Away,total,Over,8,7,0.625,0.5106875,0.11431250000000004,0.24202624874999998,0.5521874999999999,0.07281250000000006,0.24705303125,-0.004660986428571434,-0.07392474857142858,0.04716588571428571,0.8908974430282879,candidate
full cell,Away 2 score Q1 Home,moneyline,Home,17,5,0.4117647058823529,0.17301764705882353,0.2387470588235294,0.28651803470588233,0.18288235294117647,0.22888235294117645,0.3116799411764706,-0.024599835499999913,-0.04217720749999982,-0.00920796066666663,0.005409867078656072,candidate
full cell,Away 2 score Q1 Home,spread,Home,17,5,0.5882352941176471,0.5002941176470588,0.0879411764705883,0.24641392705882356,0.5547941176470588,0.03344117647058831,0.2802072794117647,-0.033833285833333324,-0.09205258699999999,0.017348559666666673,0.31617905339879276,candidate
full cell,Away 2 score Q1 Home,total,Over,17,5,0.5882352941176471,0.4983294117647059,0.08990588235294117,0.24644009647058826,0.5555588235294118,0.03267647058823531,0.2563338088235294,-0.00410348733333334,-0.089103657,0.05591872983333331,0.9271920525723563,candidate
full cell,Away 2 score Q2 Away,moneyline,Home,194,51,0.04639175257731959,0.12095309278350516,-0.07456134020618557,0.04910679963917526,0.0724201030927835,-0.026028350515463913,0.041318382731958765,0.006659365052802671,-0.0041472531765484166,0.01689662844290657,0.2301349335728484,candidate
full cell,Away 2 score Q2 Away,spread,Home,152,51,0.3815789473684211,0.5011776315789473,-0.11959868421052627,0.24981873842105262,0.5080230263157894,-0.12644407894736837,0.24553519572368424,0.00426845908730159,-0.013859449601307184,0.022206026051353897,0.6343273482143235,prod
full cell,Away 2 score Q2 Away,total,Over,171,48,0.38596491228070173,0.5002,-0.11423508771929825,0.25195515040935673,0.4899766081871345,-0.10401169590643278,0.24957157894736842,-0.001439811778983822,-0.023052696199404768,0.020106927250000007,0.9059637621196192,candidate
full cell,Away 2 score Q2 Home,moneyline,Home,288,47,0.16666666666666666,0.1495576388888889,0.017109027777777758,0.12560246881944445,0.1265402777777778,0.040126388888888864,0.12637441444444444,0.00041411135808872224,-0.008421558395948603,0.009813709572320712,0.9337973521127213,prod
full cell,Away 2 score Q2 Home,spread,Home,285,47,0.37894736842105264,0.5025550877192982,-0.1236077192982456,0.25061027438596495,0.5027842105263157,-0.12383684210526308,0.24965712017543862,-0.0015106402455499607,-0.017865005299364932,0.0170778751796767,0.8719867830905237,prod
full cell,Away 2 score Q2 Home,total,Over,285,47,0.45263157894736844,0.5011417543859649,-0.048510175438596426,0.24753715298245613,0.49910175438596494,-0.046470175438596495,0.23649506666666667,0.005970063170078734,-0.016873246694981147,0.03088557590699194,0.6117067502834894,candidate
full cell,Away 2 score Q3 Home,moneyline,Home,449,69,0.04899777282850779,0.09254543429844098,-0.043547661469933184,0.04788460518930958,0.061,-0.012002227171492207,0.047003631625835186,0.0010773705197274562,-0.002807331832256303,0.0035985751609284434,0.520397208300226,candidate
full cell,Away 2 score Q3 Home,spread,Home,443,69,0.5079006772009029,0.5012356659142212,0.006665011286681732,0.2529529200451467,0.5328860045146727,-0.02498532731376979,0.23814679966139954,0.008455506052895979,-0.0068545101062508365,0.02337239315793707,0.267967067142919,prod
full cell,Away 2 score Q3 Home,total,Over,440,69,0.49772727272727274,0.49144522727272727,0.006282045454545471,0.24942373893181818,0.5231965909090909,-0.025469318181818135,0.2370193096590909,0.008628632793843037,-0.010090686695878195,0.03036550760419291,0.39421893855514417,prod
full cell,Home 2 score Q4 Home,moneyline,Home,594,110,0.9932659932659933,0.9725348484848485,0.020731144781144795,0.008818641902356903,0.9946791245791246,-0.001413131313131255,0.006703243030303029,0.003899584757105017,0.0009711800273219245,0.007658751449869574,0.02866226886570771,candidate
full cell,Home 2 score Q4 Home,spread,Home,328,95,0.38109756097560976,0.4833862804878049,-0.10228871951219515,0.2369281255182927,0.3943006097560976,-0.013203048780487836,0.1705308344512195,0.03924619605171261,0.017097034599958226,0.05945986623805346,0.0006209288700943142,candidate
full cell,Home 2 score Q4 Home,total,Over,492,106,0.30284552845528456,0.4766113821138211,-0.17376585365853653,0.23506309195121952,0.392119918699187,-0.08927439024390244,0.18219826699186992,0.051517801018782325,0.030698213775425046,0.07164628482349777,2.4140670988246816e-06,candidate
full cell,Home 2 score Q3 Home,moneyline,Home,337,73,0.9703264094955489,0.9622694362017805,0.008056973293768421,0.02910260605341246,0.9761916913946588,-0.005865281899109842,0.028134849673590503,0.001479774474549807,-0.003375659771200254,0.0068946545360948075,0.5792714685570112,candidate
full cell,Home 2 score Q3 Home,total,Over,300,73,0.4533333333333333,0.49383033333333337,-0.04049700000000006,0.24668112263333333,0.5021183333333333,-0.04878500000000002,0.24059263250000001,0.007426489490121365,-0.014032953482599973,0.027097045079083393,0.46398502323807417,prod
full cell,Home 2 score Q3 Home,spread,Home,253,70,0.5375494071146245,0.49298142292490116,0.04456798418972335,0.24687791324110672,0.4490474308300395,0.088501976284585,0.23831312845849803,0.015204300423185943,-0.0034589630691609953,0.03379646110890022,0.11241300161369432,prod
full cell,Home 2 score Q1 Home,moneyline,Home,27,9,0.7407407407407407,0.7943777777777777,-0.05363703703703704,0.20093693333333335,0.8419074074074074,-0.10116666666666674,0.22248625000000002,-0.03451044050264555,-0.08992646777777788,0.007608705052910048,0.20705778217320825,prod
full cell,Home 2 score Q1 Home,spread,Home,19,9,0.5263157894736842,0.49411052631578944,0.03220526315789474,0.2524249152631579,0.4902631578947368,0.03605263157894739,0.26374078947368423,-0.0012343751851851825,-0.02334279185185184,0.02814886074074073,0.9344220913725885,prod
full cell,Home 2 score Q1 Home,total,Over,19,9,0.5789473684210527,0.5014052631578947,0.07754210526315797,0.24721257736842103,0.5634210526315789,0.015526315789473721,0.24530468421052634,-0.006594945555555575,-0.05504470518518519,0.03883800814814811,0.7916989420557924,candidate
full cell,Home 2 score Q1 Away,moneyline,Home,31,8,0.6774193548387096,0.8076032258064516,-0.13018387096774198,0.21733133580645161,0.8351612903225807,-0.15774193548387105,0.2336046129032258,-0.021460585976190497,-0.057085343083333344,0.006408531419642843,0.21242709542799684,prod
full cell,Home 2 score Q1 Away,spread,Home,31,8,0.5806451612903226,0.500241935483871,0.08040322580645165,0.24688187322580646,0.5090161290322581,0.0716290322580645,0.25449831451612903,-0.010072154705357123,-0.035648950702380874,0.011548560398809514,0.4357169904256615,candidate
full cell,Home 2 score Q1 Away,total,Over,31,8,0.25806451612903225,0.4970967741935484,-0.23903225806451617,0.24939451806451612,0.5620161290322581,-0.3039516129032258,0.2799329919354839,-0.014766040279761933,-0.05970161740476193,0.031711546249999965,0.5390166244517144,prod
full cell,Tight OT Away,total,Over,21,4,0.0,0.472747619047619,-0.472747619047619,0.22402750714285716,0.08928571428571429,-0.08928571428571429,0.01563447619047619,0.212360280375,0.17340869324999997,0.24027991625,1.8583921027295093e-24,candidate
full cell,Away 1 score OT Away,moneyline,Home,7,4,0.0,0.35178571428571426,-0.35178571428571426,0.13138641571428572,0.21101428571428574,-0.21101428571428574,0.06203971571428572,0.08228923499999999,-0.007531042500000015,0.18698495999999998,0.15684040465149518,candidate
full cell,Away 1 score OT Away,spread,Home,4,3,0.25,0.4803,-0.2303,0.26898675,0.365525,-0.11552499999999999,0.1762306275,0.11715543000000002,0.01955819999999997,0.2481036,0.08514117118454526,candidate
full cell,Away 1 score OT Home,moneyline,Home,15,2,0.0,0.2699866666666667,-0.2699866666666667,0.07794222933333335,0.3684,-0.3684,0.14114476666666667,-0.06366206833333331,-0.06595972333333333,-0.06136441333333328,5.68491507196183e-169,prod
full cell,Away 1 score OT Home,spread,Home,14,2,0.35714285714285715,0.45935714285714285,-0.1022142857142857,0.27763538,0.6372857142857143,-0.2801428571428572,0.38743189285714286,-0.05362856066666666,-0.2502163933333333,0.14295927199999997,0.7850093061468781,prod
full cell,Away 1 score OT Home,total,Over,9,2,0.0,0.49934444444444437,-0.49934444444444437,0.2494869077777778,0.0001,-0.0001,1e-08,0.2534136441666667,0.24163340499999997,0.2651938833333333,1.208392743839184e-102,candidate
full cell,Away 1 score OT Away,total,Over,1,1,0.0,0.46549999999999997,-0.46549999999999997,0.21669024999999997,0.0001,-0.0001,1e-08,0.21669023999999998,,,,candidate
Score difference,Tight,50,Home,8259,428,0.48395689550793075,0.5018124591354886,-0.017855563627557802,0.22398057617508174,0.4993604794769343,-0.015403583969003543,0.21563636823344232,0.007371347802896295,0.0016938278175451576,0.01342061156418621,0.007226823038680691,candidate
Score difference,Tight,51,Away,8259,428,0.5160431044920692,0.4996296161762925,0.01641348831577677,0.22398968994793558,0.5006395205230657,0.015403583969003543,0.21563636823344232,0.00736685135372612,0.001649918938428444,0.013440650201968562,0.007273755185862772,candidate
Score difference,Tight,52,Home,7821,428,0.5049226441631505,0.5004813706687125,0.004441273494438014,0.24703543569620254,0.4983926863572433,0.0065299578059071495,0.22725365545582407,0.013746972060913309,0.0073148616039421036,0.02005012506077428,2.0840529589253815e-05,prod
Score difference,Tight,53,Away,7821,428,0.49507735583684953,0.4995282700421941,-0.004450914205344547,0.24703528827771384,0.5016073136427567,-0.0065299578059071495,0.22725365545582407,0.013747270643643913,0.007315029630438946,0.020049680944209284,2.082637495710646e-05,prod
Score difference,Tight,54,Over,7696,428,0.3959199584199584,0.4954787032224532,-0.09955874480249477,0.2477229467762474,0.43213126299376303,-0.036211304573804615,0.23403317204781704,0.01456858838200612,0.005417050030218565,0.0232430303767399,0.0013237262983598844,candidate
Score difference,Tight,55,Under,7696,428,0.6040800415800416,0.5045315228690229,0.09954851871101866,0.2477207261018711,0.567868737006237,0.036211304573804615,0.23403317204781704,0.014566167407996768,0.005416460256055705,0.023240629602485845,0.0013254862966528087,candidate
Score difference,Away 1 score,50,Home,6061,303,0.26777759445636035,0.2907988450750701,-0.023021250618709743,0.1783733516185448,0.2644008249463785,0.0033767695099818362,0.17042409406368586,0.007320439132282031,0.0009757508661396622,0.013020102307154967,0.020723054815087936,candidate
Score difference,Away 1 score,51,Away,6061,303,0.7322224055436397,0.7158770499917505,0.016345355551889207,0.17817013954132982,0.7355991750536215,-0.0033767695099817807,0.17042409406368586,0.0070875975352420635,0.000877647762701397,0.012639396475637258,0.023600506514323934,candidate
Score difference,Away 1 score,54,Over,5561,301,0.40676137385362343,0.49182767487861895,-0.08506630102499552,0.2462788028070491,0.4393598633339328,-0.032598489480309356,0.23506347529940658,0.010577687074071071,-0.0006713142769562866,0.021576850066469446,0.05613496262220395,candidate
Score difference,Away 1 score,55,Under,5561,301,0.5932386261463766,0.5081818018342025,0.0850568243121741,0.2462771382988671,0.5606401366660673,0.0325984894803093,0.23506347529940658,0.010576439981053381,-0.0006723283217763266,0.02157476660670685,0.05615681020404288,candidate
Score difference,Away 1 score,52,Home,5505,296,0.5135331516802907,0.5002000726612171,0.013333079019073546,0.24927948271389644,0.5187032697547683,-0.005170118074477648,0.23428504483742052,0.013887284625830427,0.004728145249369104,0.022406158102798526,0.0030804209578952687,candidate
Score difference,Away 1 score,53,Away,5505,296,0.4864668483197094,0.4998106811989101,-0.013343832879200712,0.2492800468882834,0.4812967302452316,0.005170118074477759,0.23428504483742052,0.013888235523530707,0.004730097436663469,0.02240645113322937,0.0030785570793629828,candidate
Score difference,Home 1 score,50,Home,6921,330,0.7042334922699032,0.7207213263979193,-0.016487834128016132,0.18133820669411935,0.7365119202427396,-0.03227842797283642,0.1791925056899292,-0.0011338263411327185,-0.007283635989009249,0.004212203720590549,0.7203643397167767,prod
Score difference,Home 1 score,51,Away,6921,330,0.29576650773009683,0.2862191879786158,0.009547319751481043,0.18161700862303135,0.2634880797572605,0.03227842797283631,0.1791925056899292,-0.000881286934188185,-0.007041532048786107,0.004497154498437952,0.782254049526055,prod
Score difference,Home 1 score,52,Home,6332,326,0.4515161086544536,0.4992822646873026,-0.047766156032849005,0.24838600302747946,0.4740860865445357,-0.022569977890082138,0.23439347467624763,0.009456446214991357,-0.0008598661994508588,0.01752849811512555,0.026584135200360452,candidate
Score difference,Home 1 score,53,Away,6332,326,0.5484838913455464,0.5007278269109287,0.04775606443461777,0.24838561013581809,0.5259139134554642,0.022569977890082193,0.23439347467624763,0.009455977952241632,-0.0008592871107969721,0.017527297189946334,0.02659100742166382,candidate
Score difference,Home 1 score,54,Over,6323,330,0.4279614107227582,0.49246775264905895,-0.06450634192630078,0.2472941463419263,0.44950608888185983,-0.02154467815910166,0.23459478192630082,0.01546115007450773,0.006481932168850012,0.024512392817002203,0.0010401577573495764,candidate
Score difference,Home 1 score,55,Under,6323,330,0.5720385892772418,0.5075419579313617,0.06449663134588013,0.24729322894828404,0.5504939111181402,0.02154467815910166,0.23459478192630082,0.015460640827810991,0.006482572353560879,0.0245105563824215,0.0010401621815212339,candidate
Score difference,Away 2 score,50,Home,2465,127,0.0486815415821501,0.09792446247464504,-0.049242920892494935,0.04515021097768763,0.04505517241379311,0.0036263691683569924,0.0417471292494929,0.0025806752798227775,-0.0019197656049654587,0.0067195878620108585,0.2263972837404962,candidate
Score difference,Away 2 score,51,Away,2465,127,0.9513184584178499,0.9459030831643003,0.005415375253549626,0.04224555652332657,0.9549448275862068,-0.003626369168356902,0.0417471292494929,0.0004136337884180167,-0.003124440670746125,0.003829207454536858,0.8136602252406233,candidate
Score difference,Away 2 score,52,Home,2039,125,0.4428641490926925,0.500910299166258,-0.05804615007356545,0.24837486560568905,0.5325827856792545,-0.08971863658656204,0.23830648253555664,0.011923988207266489,-0.0015094504279966469,0.024875257101613826,0.07827796060971823,prod
Score difference,Away 2 score,53,Away,2039,125,0.5571358509073076,0.4990996076508092,0.058036243256498365,0.24837352514467878,0.46741721432074546,0.0897186365865621,0.23830648253555664,0.01192350687862521,-0.001511124493614836,0.024875444926273544,0.07829930198911944,prod
Score difference,Away 2 score,54,Over,2228,127,0.3940754039497307,0.4903968581687612,-0.09632145421903054,0.24522230110412926,0.4768113105924597,-0.082735906642729,0.2257225743806104,0.022372085936072473,0.00772692345771228,0.03690529573459655,0.0009218136594703447,candidate
Score difference,Away 2 score,55,Under,2228,127,0.6059245960502693,0.5096139587073609,0.09631063734290835,0.24522046819120288,0.5231886894075404,0.0827359066427289,0.2257225743806104,0.022371054659133558,0.007726987950985049,0.03690595924536505,0.0009221351931192831,candidate
Score difference,Home 2 score,50,Home,3029,152,0.9214262132717068,0.9437459557609772,-0.022319742489270378,0.0654424775404424,0.9555857048530868,-0.034159491581379986,0.06514422089468472,0.0008576882329784468,-0.0029298092556074,0.004918514929617375,0.6788875579972722,prod
Score difference,Home 2 score,51,Away,3029,152,0.07857378672829317,0.10005652030373059,-0.021482733575437424,0.06761701920765929,0.044414295146913176,0.03415949158137999,0.06514422089468472,0.0021042250179186543,-0.0024776373518295624,0.006731804699920066,0.3856971282020629,prod
Score difference,Home 2 score,52,Home,2496,148,0.4623397435897436,0.4971450320512821,-0.034805288461538464,0.24677103318910257,0.46499563301282054,-0.002655889423076929,0.22716070916266026,0.016170557579415757,0.006359584325714555,0.026460779220687257,0.0018283001148541526,candidate
Score difference,Home 2 score,53,Away,2496,148,0.5376602564102564,0.5028644631410256,0.03479579326923077,0.24677025377804485,0.5350043669871795,0.002655889423076929,0.22716070916266026,0.016168715763740578,0.0063584333110519335,0.02645789361150941,0.0018296840904889048,candidate
Score difference,Home 2 score,54,Over,2728,151,0.4274193548387097,0.49188082844574776,-0.06446147360703808,0.24477449460777126,0.4838682551319648,-0.05644890029325511,0.22811589634164225,0.021600178697052278,0.010455332533885267,0.03441980719274569,0.00014759130788291887,candidate
Score difference,Home 2 score,55,Under,2728,151,0.5725806451612904,0.5081289589442816,0.06445168621700881,0.2447739993255132,0.5161317448680351,0.05644890029325522,0.22811589634164225,0.021599386346177602,0.010455116786163846,0.034418654010746265,0.00014761956552259068,candidate
Quarter,Q1,50,Home,5219,429,0.5156160183943285,0.5103353132784059,0.0052807051159226015,0.2437621669975091,0.5087608354090822,0.006855182985246233,0.23766639972408507,0.005799287568258811,-0.0012927602919560626,0.012007904788442863,0.06453068358634044,prod
Quarter,Q1,51,Away,5219,429,0.4843839816056716,0.48999024717378814,-0.005606265568116553,0.24380276274190457,0.4912391645909178,-0.006855182985246233,0.23766639972408507,0.005830338724377223,-0.001282595999077647,0.012018693916590236,0.06306820890091912,prod
Quarter,Q1,52,Home,4867,429,0.5066776248202178,0.5001932196424902,0.006484405177727637,0.24917984779124716,0.49695510581467023,0.009722519005547603,0.23989462384425725,0.009371244358207164,0.0034332215975721673,0.015425930956246718,0.001985129170637179,prod
Quarter,Q1,53,Away,4867,429,0.4933223751797822,0.4998168892541607,-0.006494514074378455,0.2491804366426957,0.5030448941853298,-0.009722519005547603,0.23989462384425725,0.00937146885131769,0.003434514346856435,0.01542680427970525,0.001984656617259619,prod
Quarter,Q1,54,Over,4860,429,0.44423868312757203,0.49961436213991767,-0.055375679012345635,0.2492312934032922,0.45286512345679014,-0.00862644032921811,0.23971562947530867,0.010482337888884826,-0.000848522438104419,0.020288067070266452,0.03541198848566051,candidate
Quarter,Q1,55,Under,4860,429,0.555761316872428,0.5003952057613169,0.055366111111111116,0.2492307175658436,0.5471348765432099,0.00862644032921811,0.23971562947530867,0.010481344852946769,-0.0008486265570860208,0.020286951816203817,0.03542122663232379,candidate
Quarter,Q2,50,Home,8557,430,0.49947411475984577,0.5214336683417086,-0.0219595535818628,0.203278446734837,0.5205199602664485,-0.021045845506602767,0.19630654632114058,0.006268053219466303,0.0009379722553088404,0.011280350374086315,0.008478059619406885,candidate
Quarter,Q2,51,Away,8557,430,0.5005258852401543,0.48221367301624396,0.01831221222391033,0.2031982090849597,0.4794800397335515,0.021045845506602767,0.19630654632114058,0.006170218406702803,0.0009309562382275179,0.01130473646494203,0.00974099538711664,prod
Quarter,Q2,52,Home,7915,430,0.4775742261528743,0.5001606190777006,-0.022586392924826282,0.24914177204421983,0.498524510423247,-0.02095028427037271,0.2395804447567909,0.00918364115667789,0.004159980254703019,0.014819870680703132,0.0005492390141305734,candidate
Quarter,Q2,53,Away,7915,430,0.5224257738471257,0.49984924826279215,0.022576525584333595,0.2491413960884397,0.501475489576753,0.02095028427037271,0.2395804447567909,0.009183425766208606,0.004160714088339226,0.014818436431767865,0.0005493188256616519,candidate
Quarter,Q2,54,Over,8050,430,0.4395031055900621,0.49821403726708074,-0.05871093167701863,0.24963648086459628,0.4640444099378882,-0.024541304347826087,0.24508097673913043,0.006419783120253515,-0.0020589673715324893,0.014458658968388438,0.1192403749698073,candidate
Quarter,Q2,55,Under,8050,430,0.5604968944099379,0.5017957763975155,0.05870111801242239,0.24963519869565218,0.5359555900621118,0.024541304347826087,0.24508097673913043,0.006418139240417386,-0.0020600310800808815,0.0144562665921654,0.11932195527959101,candidate
Quarter,Q3,50,Home,5620,429,0.5081850533807829,0.5269745729537366,-0.018789519572953717,0.14170219279181495,0.5202332740213522,-0.012048220640569318,0.13916253966903913,0.002689733688612771,-0.00056896674105677,0.005558865599247755,0.07549339125689182,candidate
Quarter,Q3,51,Away,5620,429,0.4918149466192171,0.4875965658362989,0.004218380782918196,0.14188148298042705,0.4797667259786477,0.012048220640569374,0.13916253966903913,0.0028133237256775328,-0.0002725626283897125,0.005681086502736545,0.06189563188984577,prod
Quarter,Q3,52,Home,5283,429,0.4864660230929396,0.4990615180768503,-0.01259549498391066,0.24944136523566154,0.49767073632405834,-0.011204713231118713,0.2421405231402612,0.006607184847264829,0.0007072048124392672,0.011514492081580415,0.01456185251559086,candidate
Quarter,Q3,53,Away,5283,429,0.5135339769070604,0.5009486844595874,0.012585292447472973,0.2494407054722695,0.5023292636759417,0.011204713231118713,0.2421405231402612,0.006606322110718484,0.0007074082042564052,0.011514134802587844,0.014575738035397677,candidate
Quarter,Q3,54,Over,5265,429,0.41196581196581195,0.4914226780626781,-0.07945686609686614,0.24732853136562202,0.48578423551756883,-0.07381842355175688,0.24513873770180436,0.0026211428161041876,-0.00517482246895336,0.009396610584084709,0.43287389472361876,candidate
Quarter,Q3,55,Under,5265,429,0.588034188034188,0.5085874264007597,0.07944676163342834,0.24732709557834756,0.5142157644824311,0.07381842355175694,0.24513873770180436,0.002619256106301542,-0.005175477190734623,0.009394157842110206,0.4331925419812332,candidate
Quarter,Q4,50,Home,7225,429,0.4913494809688581,0.532437384083045,-0.04108790311418686,0.092289890033218,0.5171571072664359,-0.025807626297577824,0.0869315986532872,0.0054670310625329205,0.0025872258399760083,0.00819621540350773,8.642375725429967e-05,candidate
Quarter,Q4,51,Away,7225,429,0.5086505190311419,0.4988590173010381,0.009791501730103791,0.09224365225743944,0.48284289273356396,0.025807626297577935,0.0869315986532872,0.005479275620207934,0.002552473486526722,0.008274103999409008,9.7752503872021e-05,prod
Quarter,Q4,52,Home,6030,423,0.47081260364842453,0.4996087562189055,-0.02879615257048096,0.24410026040464347,0.491037960199005,-0.020225356550580442,0.20545318419402986,0.037823626396655194,0.029061872280990036,0.04638251074308558,3.8548961624439906e-19,candidate
Quarter,Q4,53,Away,6030,423,0.5291873963515754,0.5004011940298507,0.028786202321724685,0.24409999243781094,0.508962039800995,0.020225356550580442,0.20545318419402986,0.03782399273438323,0.029060774623371605,0.04638208972159458,3.852140316834851e-19,candidate
Quarter,Q4,54,Over,6275,428,0.34725099601593623,0.48275172908366537,-0.13550073306772914,0.2407612800366534,0.3965479362549801,-0.04929694023904385,0.20406393527490038,0.03920985727205706,0.031782980259626024,0.046902621750310285,5.13007229280818e-22,candidate
Quarter,Q4,55,Under,6275,428,0.6527490039840638,0.5172582470119522,0.13549075697211155,0.24075849704063743,0.6034520637450199,0.04929694023904385,0.20406393527490038,0.03920640305962819,0.031780264517588794,0.04689946661603191,5.156896988744489e-22,candidate
Quarter,OT,50,Home,114,8,0.2982456140350877,0.5377052631578948,-0.2394596491228071,0.18183797017543857,0.5280482456140351,-0.22980263157894737,0.21009403236842106,-0.016531483120050913,-0.12095432402389704,0.07149302541426279,0.7419051274224471,candidate
Quarter,OT,51,Away,114,8,0.7017543859649122,0.4640921052631579,0.23766228070175432,0.1818474906140351,0.47195175438596493,0.22980263157894731,0.21009403236842106,-0.016503003246370655,-0.12057127894669115,0.07133522766907054,0.741888515100263,candidate
Quarter,OT,52,Home,98,8,0.37755102040816324,0.5016030612244898,-0.12405204081632659,0.2557751856122449,0.4817734693877551,-0.10422244897959188,0.22665410020408164,0.023070983979929932,-0.09883202515277775,0.13411107042784662,0.7126653519289547,candidate
Quarter,OT,53,Away,98,8,0.6224489795918368,0.49840918367346937,0.12403979591836739,0.25577516051020405,0.5182265306122449,0.10422244897959188,0.22665410020408164,0.023071773977296192,-0.09882526195833333,0.1341111743661851,0.7126543816284059,candidate
Quarter,OT,54,Over,86,8,0.16279069767441862,0.4794209302325581,-0.3166302325581395,0.2322524360465116,0.12841046511627907,0.034380232558139545,0.0905078538372093,0.1620733114979257,0.04588198855844153,0.22759625006737014,0.003600463838428765,candidate
Quarter,OT,55,Under,86,8,0.8372093023255814,0.5206058139534884,0.31660348837209307,0.23225895430232557,0.8715895348837209,-0.03438023255813949,0.0905078538372093,0.16207740033522727,0.045916370701298725,0.22758767796022727,0.0035913637987080803,candidate
Possession,Home,50,Home,13404,430,0.5332736496568189,0.5436956207102358,-0.010421971053416912,0.16563377955461056,0.54473955535661,-0.011465905699791112,0.1613982339480752,0.004334139526229941,0.0004027494114603465,0.00846311707370082,0.020079245735059845,prod
Possession,Home,51,Away,13404,430,0.46672635034318116,0.4689140555058191,-0.002187705162637943,0.16580752655923606,0.45526044464339,0.011465905699791168,0.1613982339480752,0.004392130642656808,0.000517243511469082,0.008378475753299443,0.019300101297742893,prod
Possession,Home,52,Home,12061,430,0.46596467954564297,0.4943228173451621,-0.028358137799519123,0.2484101808233148,0.4683073459912113,-0.0023426664455683532,0.2308120048544897,0.017068485650012184,0.01230511042085075,0.02239536449536901,6.703175723973421e-12,candidate
Possession,Home,53,Away,12061,430,0.534035320454357,0.5056874471436863,0.02834787331067068,0.24840917279744631,0.5316926540087886,0.0023426664455683532,0.2308120048544897,0.017067489973907227,0.012304426696656249,0.022394678762642412,6.716513830264974e-12,candidate
Possession,Home,54,Over,12273,430,0.4157907602053288,0.4930403976207936,-0.07724963741546481,0.24663845144463456,0.44737455389880226,-0.03158379369347347,0.23200676056628372,0.015610732997215581,0.008788242815059234,0.02296157389586698,4.7291701426602375e-06,candidate
Possession,Home,55,Under,12273,430,0.5842092397946712,0.5069696162307504,0.07723962356392078,0.24663749892202394,0.5526254461011977,0.03158379369347353,0.23200676056628372,0.01560919679213179,0.008787226231391375,0.022958941242960933,4.735032047647275e-06,candidate
Possession,Away,50,Home,13331,430,0.4693571374990623,0.503143605130898,-0.033786467631835626,0.17068363548871054,0.4896850723876678,-0.02032793488860546,0.1643476950033756,0.005300914135760006,0.0014933788749306649,0.009103584309158547,0.004378192410704619,candidate
Possession,Away,51,Away,13331,430,0.5306428625009376,0.5097661915835271,0.020876670917410522,0.17052393246793188,0.5103149276123322,0.020327934888605403,0.1643476950033756,0.005275013814336167,0.001440653059865743,0.009049810199768945,0.004259724051735905,candidate
Possession,Away,54,Over,12263,430,0.4041425426078447,0.49298717279621623,-0.08884463018837152,0.24682210728940715,0.4487392726086602,-0.04459673000081549,0.23399177793769876,0.014191828798261048,0.006931605090216126,0.02104473029380099,5.0552427777666886e-05,candidate
Possession,Away,55,Under,12263,430,0.5958574573921552,0.5070226698197831,0.08883478757237218,0.24681999590801598,0.5512607273913398,0.04459673000081543,0.23399177793769876,0.014189419022634528,0.006929424189574674,0.021041876501869543,5.066755327299525e-05,candidate
Possession,Away,52,Home,12132,430,0.5004945598417408,0.505236078140455,-0.004741518298714165,0.24756260509314212,0.523707080448401,-0.023212520606660125,0.23247164113171775,0.01454279712595391,0.009757239830572835,0.019445864910976145,8.020114497336368e-09,prod
Possession,Away,53,Away,12132,430,0.49950544015825915,0.4947736976590834,0.0047317424991757395,0.24756317748186613,0.4762929195515991,0.02321252060666007,0.23247164113171775,0.01454356943029879,0.009757304789895711,0.01944698641663136,8.00970878407625e-09,prod
