Date,Start Time,Player 1 Name,Player 1 Team,Player 2 Name,Player 2 Team,Match Id,Prediction_Status,Model_Stream,Dispersion_Scale,Shared_Gamma_Fraction,Shared_Gamma_Shape_k,P1_Attack,P1_Defense,P1_Skill_Log_Component,P1_Pace_Log_Component,P1_Base_Alpha,P1_Effective_Alpha,P2_Attack,P2_Defense,P2_Skill_Log_Component,P2_Pace_Log_Component,P2_Base_Alpha,P2_Effective_Alpha,Matchup_Pace_Log_Effect,Matchup_Pace_Multiplier,Pred_P1_Points,Pred_P2_Points,Pred_Total_Points,Pred_P1_Margin,Pred_P1_Score_SD,Pred_P2_Score_SD,Pred_Score_Covariance,Pred_Score_Correlation,Pred_Margin_SD,Pred_Total_SD,P1_Regulation_Win_Prob,Regulation_Tie_Prob,P2_Regulation_Win_Prob,P1_Fair_ML_Prob,P2_Fair_ML_Prob,P1_Fair_Decimal_Odds,P2_Fair_Decimal_Odds,P1_Priced_Prob,P2_Priced_Prob,P1_Priced_Decimal_Odds,P2_Priced_Decimal_Odds,Fair_P1_Handicap,Fair_P1_Cover_Prob_At_Line,Fair_Total_Line,Fair_Over_Prob_At_Line,Sim_Median_Margin,Sim_Median_Total,ML_MC_SE,N_Sims,Applied_Overround,P1_Team,P2_Team,P1_Player_Attack,P1_Player_Defense,P1_Team_Attack,P1_Team_Defense,P1_Combined_Attack,P1_Combined_Defense,P2_Player_Attack,P2_Player_Defense,P2_Team_Attack,P2_Team_Defense,P2_Combined_Attack,P2_Combined_Defense
"Thursday, September 10, 2026",07:25,GADGET,Detroit Lions,REGRET,Philadelphia Eagles,AF031100926,OK,1.0,0.8168904963744579,0.4601265414163797,3.194893220941954,0.2892972575248608,0.035444145609979605,0.1623707015674202,0.1269265559574406,0.17630194110182,0.14401938017844618,0.1753233571793651,0.1114616853828323,0.1433925212810987,0.031930835898266396,0.1546177898640535,0.1263058031103683,0.158857391855707,1.1721707736620575,19.359027601316704,18.637999728745907,37.99702733006261,0.7210278725707973,8.563495285270376,7.906546804044966,20.969275715774355,0.3097030775255465,9.690633747792397,13.333622362169642,0.50388,0.043776,0.452344,0.525768,0.47423200000000004,1.9019795803472253,2.108672548457295,0.525768,0.47423200000000004,1.9019795803472253,2.108672548457295,-0.5,0.50388,36.5,0.501704,1.0,37.0,0.000998671137414114,250000,0.0,Detroit Lions,Philadelphia Eagles,0.2408078464308267,0.0742640233843895,0.0484894110940341,-0.0388198777744099,0.2892972575248608,0.035444145609979605,0.1315201980146386,0.0984317752420247,0.0438031591647265,0.0130299101408076,0.1753233571793651,0.1114616853828323
"Thursday, September 10, 2026",08:01,LIZARD,Baltimore Ravens,HEADHUNTER,Kansas City Chiefs,AF033100926,OK,1.0,0.8168904963744579,0.4601265414163797,3.2860775614338595,0.31084190641544707,0.15809084987822639,0.23446637814683674,0.07637552826861034,0.171409793571438,0.14002303135401536,0.2233299311360862,0.1827388700667963,0.20303440060144123,0.02029553053464496,0.1637552725764783,0.133770125898934,0.0966710588032553,1.1014979859564498,18.419802663208475,17.297506574907093,35.71730923811557,1.1222960883013826,8.119611762424016,7.57113120363034,19.611232960045417,0.3190133533708973,9.166660076330343,12.74647358272751,0.523568,0.046072,0.43036,0.5466040000000001,0.453396,1.8294780133332356,2.2055774642917005,0.5466040000000001,0.453396,1.8294780133332356,2.2055774642917005,-1.0,0.5000125932953295,34.5,0.493204,1.0,34.0,0.0009956466585772283,250000,0.0,Baltimore Ravens,Kansas City Chiefs,0.3121559639019137,0.1474220881810485,-0.0013140574864666,0.0106687616971779,0.31084190641544707,0.15809084987822639,0.2377743367715402,0.1923568918541073,-0.014444405635454,-0.009618021787311,0.2233299311360862,0.1827388700667963
"Thursday, September 10, 2026",08:37,GADGET,Detroit Lions,LIZARD,Baltimore Ravens,AF035100926,OK,1.0,0.8168904963744579,0.4601265414163797,3.194893220941954,0.2892972575248608,0.035444145609979605,0.1623707015674202,0.1269265559574406,0.17630194110182,0.14401938017844618,0.31084190641544707,0.15809084987822639,0.23446637814683674,0.07637552826861034,0.171409793571438,0.14002303135401536,0.20330208422605095,1.2254425992184754,18.477054941697585,21.342940772921985,39.819995714619566,-2.8658858312244,8.224688195105307,9.226396314825266,25.407607407323223,0.334820639964014,10.097359558334018,14.268395133285743,0.3667,0.041284,0.592016,0.387342,0.612658,2.581697827759448,1.6322320119871119,0.387342,0.612658,2.581697827759448,1.6322320119871119,2.5,0.492944,38.0,0.5053335475816718,-3.0,38.0,0.0009742857384484287,250000,0.0,Detroit Lions,Baltimore Ravens,0.2408078464308267,0.0742640233843895,0.0484894110940341,-0.0388198777744099,0.2892972575248608,0.035444145609979605,0.3121559639019137,0.1474220881810485,-0.0013140574864666,0.0106687616971779,0.31084190641544707,0.15809084987822639
"Thursday, September 10, 2026",09:13,REGRET,Philadelphia Eagles,HEADHUNTER,Kansas City Chiefs,AF037100926,OK,1.0,0.8168904963744579,0.4601265414163797,3.4396808579220033,0.1753233571793651,0.1114616853828323,0.1433925212810987,0.031930835898266396,0.1546177898640535,0.1263058031103683,0.2233299311360862,0.1827388700667963,0.20303440060144123,0.02029553053464496,0.1637552725764783,0.133770125898934,0.052226366432911356,1.0536142184131638,16.08533147765614,18.12317538017874,34.20850685783488,-2.0378439025225994,6.983224778768784,7.877810892323258,16.94200861324447,0.30796639222967354,8.77161989255852,12.029519940234783,0.386092,0.04724,0.566668,0.40971199999999997,0.5902879999999999,2.440738860467841,1.6940883094353945,0.40971199999999997,0.5902879999999999,2.440738860467841,1.6940883094353945,2.0,0.5065365796243674,33.0,0.49649712271049373,-2.0,33.0,0.000983561034315614,250000,0.0,Philadelphia Eagles,Kansas City Chiefs,0.1315201980146386,0.0984317752420247,0.0438031591647265,0.0130299101408076,0.1753233571793651,0.1114616853828323,0.2377743367715402,0.1923568918541073,-0.014444405635454,-0.009618021787311,0.2233299311360862,0.1827388700667963
"Thursday, September 10, 2026",09:49,GADGET,Detroit Lions,HEADHUNTER,Kansas City Chiefs,AF039100926,OK,1.0,0.8168904963744579,0.4601265414163797,3.194893220941954,0.2892972575248608,0.035444145609979605,0.1623707015674202,0.1269265559574406,0.17630194110182,0.14401938017844618,0.2233299311360862,0.1827388700667963,0.20303440060144123,0.02029553053464496,0.1637552725764783,0.133770125898934,0.14722208649208557,1.1586112463666174,18.027198923245447,19.554570939826174,37.58176986307162,-1.5273720165807276,8.051745328706584,8.40867160595554,21.69766319010042,0.32047602234523526,9.599012169746967,13.376534954738917,0.411308,0.04454,0.544152,0.433578,0.566422,2.306390084367749,1.7654681491891204,0.433578,0.566422,2.306390084367749,1.7654681491891204,1.5,0.501072,36.0,0.5030773866774544,-1.0,36.0,0.0009911369590848683,250000,0.0,Detroit Lions,Kansas City Chiefs,0.2408078464308267,0.0742640233843895,0.0484894110940341,-0.0388198777744099,0.2892972575248608,0.035444145609979605,0.2377743367715402,0.1923568918541073,-0.014444405635454,-0.009618021787311,0.2233299311360862,0.1827388700667963
"Thursday, September 10, 2026",10:25,REGRET,Philadelphia Eagles,LIZARD,Baltimore Ravens,AF041100926,OK,1.0,0.8168904963744579,0.4601265414163797,3.2860775614338595,0.1753233571793651,0.1114616853828323,0.1433925212810987,0.031930835898266396,0.1546177898640535,0.1263058031103683,0.31084190641544707,0.15809084987822639,0.23446637814683674,0.07637552826861034,0.171409793571438,0.14002303135401536,0.10830636416687674,1.1143891019828884,16.486729565336336,19.78063645306815,36.26736601840449,-3.293906887731815,7.128688120488114,8.635273533696195,18.952886652471385,0.307885794538421,9.353094141298888,12.778572558227507,0.341336,0.043748,0.614916,0.36321,0.63679,2.753228160017621,1.570376419227689,0.36321,0.63679,2.753228160017621,1.570376419227689,3.0,0.4975768517083509,35.0,0.4933093091107456,-3.0,35.0,0.0009618492520140565,250000,0.0,Philadelphia Eagles,Baltimore Ravens,0.1315201980146386,0.0984317752420247,0.0438031591647265,0.0130299101408076,0.1753233571793651,0.1114616853828323,0.3121559639019137,0.1474220881810485,-0.0013140574864666,0.0106687616971779,0.31084190641544707,0.15809084987822639
"Thursday, September 10, 2026",11:01,REGRET,Philadelphia Eagles,GADGET,Detroit Lions,AF043100926,OK,1.0,0.8168904963744579,0.4601265414163797,3.194893220941954,0.1753233571793651,0.1114616853828323,0.1433925212810987,0.031930835898266396,0.1546177898640535,0.1263058031103683,0.2892972575248608,0.035444145609979605,0.1623707015674202,0.1269265559574406,0.17630194110182,0.14401938017844618,0.158857391855707,1.1721707736620575,18.637999728745907,19.359027601316704,37.99702733006261,-0.7210278725707973,7.906546804044966,8.563495285270376,20.96927571577436,0.30970307752554654,9.690633747792397,13.333622362169642,0.452316,0.043428,0.504256,0.47403,0.52597,2.109571124190452,1.9012491206722815,0.47403,0.52597,2.109571124190452,1.9012491206722815,0.5,0.495744,36.5,0.499432,-1.0,36.0,0.0009986502072297388,250000,0.0,Philadelphia Eagles,Detroit Lions,0.1315201980146386,0.0984317752420247,0.0438031591647265,0.0130299101408076,0.1753233571793651,0.1114616853828323,0.2408078464308267,0.0742640233843895,0.0484894110940341,-0.0388198777744099,0.2892972575248608,0.035444145609979605
"Thursday, September 10, 2026",11:37,LIZARD,Baltimore Ravens,GADGET,Detroit Lions,AF045100926,OK,1.0,0.8168904963744579,0.4601265414163797,3.194893220941954,0.31084190641544707,0.15809084987822639,0.23446637814683674,0.07637552826861034,0.171409793571438,0.14002303135401536,0.2892972575248608,0.035444145609979605,0.1623707015674202,0.1269265559574406,0.17630194110182,0.14401938017844618,0.20330208422605095,1.2254425992184754,21.342940772921985,18.477054941697585,39.819995714619566,2.8658858312244,9.226396314825266,8.224688195105307,25.407607407323223,0.334820639964014,10.097359558334018,14.268395133285743,0.590428,0.040936,0.368636,0.610896,0.389104,1.6369398391870302,2.5700069904190137,0.610896,0.389104,1.6369398391870302,2.5700069904190137,-2.5,0.506332,38.0,0.5061023816582667,3.0,38.0,0.0009750939999487229,250000,0.0,Baltimore Ravens,Detroit Lions,0.3121559639019137,0.1474220881810485,-0.0013140574864666,0.0106687616971779,0.31084190641544707,0.15809084987822639,0.2408078464308267,0.0742640233843895,0.0484894110940341,-0.0388198777744099,0.2892972575248608,0.035444145609979605
"Thursday, September 10, 2026",12:13,HEADHUNTER,Kansas City Chiefs,REGRET,Philadelphia Eagles,AF047100926,OK,1.0,0.8168904963744579,0.4601265414163797,3.4396808579220033,0.2233299311360862,0.1827388700667963,0.20303440060144123,0.02029553053464496,0.1637552725764783,0.133770125898934,0.1753233571793651,0.1114616853828323,0.1433925212810987,0.031930835898266396,0.1546177898640535,0.1263058031103683,0.052226366432911356,1.0536142184131638,18.12317538017874,16.08533147765614,34.20850685783488,2.0378439025225994,7.877810892323258,6.983224778768784,16.94200861324447,0.30796639222967354,8.77161989255852,12.029519940234783,0.565616,0.048384,0.386,0.589808,0.410192,1.695466999430323,2.437882747591372,0.589808,0.410192,1.695466999430323,2.437882747591372,-2.0,0.49293221572198226,33.0,0.49497860991357,2.0,33.0,0.0009837368004420694,250000,0.0,Kansas City Chiefs,Philadelphia Eagles,0.2377743367715402,0.1923568918541073,-0.014444405635454,-0.009618021787311,0.2233299311360862,0.1827388700667963,0.1315201980146386,0.0984317752420247,0.0438031591647265,0.0130299101408076,0.1753233571793651,0.1114616853828323
"Thursday, September 10, 2026",12:49,HEADHUNTER,Kansas City Chiefs,GADGET,Detroit Lions,AF049100926,OK,1.0,0.8168904963744579,0.4601265414163797,3.194893220941954,0.2233299311360862,0.1827388700667963,0.20303440060144123,0.02029553053464496,0.1637552725764783,0.133770125898934,0.2892972575248608,0.035444145609979605,0.1623707015674202,0.1269265559574406,0.17630194110182,0.14401938017844618,0.14722208649208557,1.1586112463666174,19.554570939826174,18.027198923245447,37.58176986307162,1.5273720165807276,8.40867160595554,8.051745328706584,21.697663190100418,0.3204760223452352,9.599012169746967,13.376534954738915,0.541524,0.044332,0.414144,0.56369,0.43631000000000003,1.7740247299047347,2.2919483853223626,0.56369,0.43631000000000003,1.7740247299047347,2.2919483853223626,-1.5,0.49772,36.0,0.5020031604962721,1.0,36.0,0.0009918539890528242,250000,0.0,Kansas City Chiefs,Detroit Lions,0.2377743367715402,0.1923568918541073,-0.014444405635454,-0.009618021787311,0.2233299311360862,0.1827388700667963,0.2408078464308267,0.0742640233843895,0.0484894110940341,-0.0388198777744099,0.2892972575248608,0.035444145609979605
"Thursday, September 10, 2026",13:25,LIZARD,Washington Commanders,REGRET,Buffalo Bills,AF051100926,OK,1.0,0.8168904963744579,0.4601265414163797,3.2860775614338595,0.2852878650524962,0.11322685406563068,0.19925735955906343,0.08603050549343276,0.171409793571438,0.14002303135401536,0.20841864615968242,0.0995059485909287,0.15396229737530556,0.05445634878437686,0.1546177898640535,0.1263058031103683,0.1404868542778096,1.1508339509220034,19.513473929478742,17.823451200171046,37.336925129649785,1.690022729307696,8.53409847494846,7.612338624086052,20.212823507527485,0.31113669558084794,9.505413672892672,13.084501638309536,0.54548,0.044248,0.410272,0.567604,0.432396,1.7617916716584097,2.3126948445406526,0.567604,0.432396,1.7617916716584097,2.3126948445406526,-1.5,0.500456,36.0,0.4963562418712195,2.0,36.0,0.0009908172367979879,250000,0.0,Washington Commanders,Buffalo Bills,0.3121559639019137,0.1474220881810485,-0.0268680988494175,-0.0341952341154178,0.2852878650524962,0.11322685406563068,0.1315201980146386,0.0984317752420247,0.0768984481450438,0.001074173348904,0.20841864615968242,0.0995059485909287
"Thursday, September 10, 2026",14:01,HEADHUNTER,Minnesota Vikings,LIZARD,Washington Commanders,AF053100926,OK,1.0,0.8168904963744579,0.4601265414163797,3.2860775614338595,0.1803564644403105,0.2172704580002845,0.1988134612202975,-0.018456996779986995,0.1637552725764783,0.133770125898934,0.2852878650524962,0.11322685406563068,0.19925735955906343,0.08603050549343276,0.171409793571438,0.14002303135401536,0.06757350871344577,1.0699089043343917,17.330238945736333,17.34563150601411,34.67587045175044,-0.015392560277778244,7.583296221486605,7.711970662477259,18.50252875307076,0.31637903577058457,8.94291985738335,12.40910676027346,0.47564,0.0476,0.47676,0.49944,0.50056,2.0022425116130065,1.9977625059932875,0.49944,0.50056,2.0022425116130065,1.9977625059932875,0.0,0.4994120117597648,33.5,0.4923,0.0,33.0,0.0009999993727998033,250000,0.0,Minnesota Vikings,Washington Commanders,0.2377743367715402,0.1923568918541073,-0.0574178723312297,0.0249135661461772,0.1803564644403105,0.2172704580002845,0.3121559639019137,0.1474220881810485,-0.0268680988494175,-0.0341952341154178,0.2852878650524962,0.11322685406563068
"Thursday, September 10, 2026",14:37,cancelled,,,,-,CANCELLED,,,,,,,,,,,,,,,,,,,,,,,,,,,,,,,,,,,,,,,,,,,,,,,250000,0.0,,,,,,,,,,,,,,
"Thursday, September 10, 2026",15:13,LIZARD,Washington Commanders,HEADHUNTER,Minnesota Vikings,AF057100926,OK,1.0,0.8168904963744579,0.4601265414163797,3.2860775614338595,0.2852878650524962,0.11322685406563068,0.19925735955906343,0.08603050549343276,0.171409793571438,0.14002303135401536,0.1803564644403105,0.2172704580002845,0.1988134612202975,-0.018456996779986995,0.1637552725764783,0.133770125898934,0.06757350871344577,1.0699089043343917,17.34563150601411,17.330238945736333,34.67587045175044,0.015392560277778244,7.711970662477259,7.583296221486605,18.50252875307076,0.31637903577058457,8.94291985738335,12.40910676027346,0.475004,0.047688,0.477308,0.49884799999999996,0.501152,2.0046186413496696,1.995402592427048,0.49884799999999996,0.501152,2.0046186413496696,1.995402592427048,0.0,0.49879031241861904,33.5,0.492448,0.0,33.0,0.0009999973457884776,250000,0.0,Washington Commanders,Minnesota Vikings,0.3121559639019137,0.1474220881810485,-0.0268680988494175,-0.0341952341154178,0.2852878650524962,0.11322685406563068,0.2377743367715402,0.1923568918541073,-0.0574178723312297,0.0249135661461772,0.1803564644403105,0.2172704580002845
"Thursday, September 10, 2026",15:49,GADGET,Denver Broncos,LIZARD,Washington Commanders,AF059100926,OK,1.0,0.8168904963744579,0.4601265414163797,3.194893220941954,0.2181465844133892,0.1003687351630724,0.1592576597882308,0.05888892462515839,0.17630194110182,0.14401938017844618,0.2852878650524962,0.11322685406563068,0.19925735955906343,0.08603050549343276,0.171409793571438,0.14002303135401536,0.14491943011859115,1.1559464320490591,17.997682715627448,19.496645227029706,37.49432794265715,-1.498962511402258,8.04039478184219,8.527724456238728,22.60753652380131,0.3297180395243629,9.599737475671123,13.512405622131459,0.415608,0.043796,0.540596,0.43750599999999995,0.5624939999999999,2.2856829392054054,1.7777967409430147,0.43750599999999995,0.5624939999999999,2.2856829392054054,1.7777967409430147,1.5,0.504108,36.0,0.5013079932000859,-1.0,36.0,0.0009921582534333925,250000,0.0,Denver Broncos,Washington Commanders,0.2408078464308267,0.0742640233843895,-0.0226612620174375,0.0261047117786829,0.2181465844133892,0.1003687351630724,0.3121559639019137,0.1474220881810485,-0.0268680988494175,-0.0341952341154178,0.2852878650524962,0.11322685406563068
"Thursday, September 10, 2026",16:25,cancelled,,,,-,CANCELLED,,,,,,,,,,,,,,,,,,,,,,,,,,,,,,,,,,,,,,,,,,,,,,,250000,0.0,,,,,,,,,,,,,,
"Thursday, September 10, 2026",17:01,GADGET,Denver Broncos,HEADHUNTER,Minnesota Vikings,AF063100926,OK,1.0,0.8168904963744579,0.4601265414163797,3.194893220941954,0.2181465844133892,0.1003687351630724,0.1592576597882308,0.05888892462515839,0.17630194110182,0.14401938017844618,0.1803564644403105,0.2172704580002845,0.1988134612202975,-0.018456996779986995,0.1637552725764783,0.133770125898934,0.0404319278451714,1.0412604264489909,16.2192597193238,17.554511993531722,33.77377171285552,-1.335252274207921,7.355652895252667,7.666631152208503,17.52492670080882,0.31076379294815976,8.822301816296877,12.162759396661205,0.413788,0.048484,0.537728,0.43803,0.56197,2.2829486564847157,1.7794544192750503,0.43803,0.56197,2.2829486564847157,1.7794544192750503,1.5,0.51098,32.5,0.497888,-1.0,32.0,0.000992289713944471,250000,0.0,Denver Broncos,Minnesota Vikings,0.2408078464308267,0.0742640233843895,-0.0226612620174375,0.0261047117786829,0.2181465844133892,0.1003687351630724,0.2377743367715402,0.1923568918541073,-0.0574178723312297,0.0249135661461772,0.1803564644403105,0.2172704580002845
"Thursday, September 10, 2026",17:37,REGRET,Buffalo Bills,GADGET,Denver Broncos,AF065100926,OK,1.0,0.8168904963744579,0.4601265414163797,3.194893220941954,0.20841864615968242,0.0995059485909287,0.15396229737530556,0.05445634878437686,0.1546177898640535,0.1263058031103683,0.2181465844133892,0.1003687351630724,0.1592576597882308,0.05888892462515839,0.17630194110182,0.14401938017844618,0.11334527340953525,1.1200185788289292,18.054106976782723,18.2463291451069,36.30043612188962,-0.19222216832417516,7.695685925154007,8.135999587419017,19.1448560957926,0.30576928192089087,9.334257279157816,12.794834244205006,0.47172,0.045648,0.482632,0.494544,0.505456,2.0220647707787376,1.978411572916337,0.494544,0.505456,2.0220647707787376,1.978411572916337,0.0,0.4942830318373095,35.0,0.4973821340974969,0.0,35.0,0.0009999404623556344,250000,0.0,Buffalo Bills,Denver Broncos,0.1315201980146386,0.0984317752420247,0.0768984481450438,0.001074173348904,0.20841864615968242,0.0995059485909287,0.2408078464308267,0.0742640233843895,-0.0226612620174375,0.0261047117786829,0.2181465844133892,0.1003687351630724
"Thursday, September 10, 2026",18:13,REGRET,Buffalo Bills,LIZARD,Washington Commanders,AF067100926,OK,1.0,0.8168904963744579,0.4601265414163797,3.2860775614338595,0.20841864615968242,0.0995059485909287,0.15396229737530556,0.05445634878437686,0.1546177898640535,0.1263058031103683,0.2852878650524962,0.11322685406563068,0.19925735955906343,0.08603050549343276,0.171409793571438,0.14002303135401536,0.1404868542778096,1.1508339509220034,17.823451200171046,19.513473929478742,37.336925129649785,-1.690022729307696,7.612338624086052,8.53409847494846,20.212823507527485,0.31113669558084794,9.505413672892672,13.084501638309536,0.408424,0.0447,0.546876,0.430774,0.569226,2.3214028701825087,1.756771475652904,0.430774,0.569226,2.3214028701825087,1.756771475652904,1.5,0.498084,36.0,0.4953325024554916,-2.0,36.0,0.0009903691451655793,250000,0.0,Buffalo Bills,Washington Commanders,0.1315201980146386,0.0984317752420247,0.0768984481450438,0.001074173348904,0.20841864615968242,0.0995059485909287,0.3121559639019137,0.1474220881810485,-0.0268680988494175,-0.0341952341154178,0.2852878650524962,0.11322685406563068
"Thursday, September 10, 2026",18:49,LIZARD,Washington Commanders,HEADHUNTER,Minnesota Vikings,AF069100926,OK,1.0,0.8168904963744579,0.4601265414163797,3.2860775614338595,0.2852878650524962,0.11322685406563068,0.19925735955906343,0.08603050549343276,0.171409793571438,0.14002303135401536,0.1803564644403105,0.2172704580002845,0.1988134612202975,-0.018456996779986995,0.1637552725764783,0.133770125898934,0.06757350871344577,1.0699089043343917,17.34563150601411,17.330238945736333,34.67587045175044,0.015392560277778244,7.711970662477259,7.583296221486605,18.50252875307076,0.31637903577058457,8.94291985738335,12.40910676027346,0.476112,0.048084,0.475804,0.500154,0.499846,1.9993841896695819,2.000616189786454,0.500154,0.499846,1.9993841896695819,2.000616189786454,0.0,0.5001617789804983,33.5,0.493472,0.0,33.0,0.0009999999525679988,250000,0.0,Washington Commanders,Minnesota Vikings,0.3121559639019137,0.1474220881810485,-0.0268680988494175,-0.0341952341154178,0.2852878650524962,0.11322685406563068,0.2377743367715402,0.1923568918541073,-0.0574178723312297,0.0249135661461772,0.1803564644403105,0.2172704580002845
"Thursday, September 10, 2026",07:35,ORIGINAL,Washington Commanders,MERCURY,Buffalo Bills,AF032100926,OK,2.0,0.7911427801135581,0.3663619268494819,1.8192456572666647,-0.20359768590848398,-0.026709707961567897,-0.11515369693502595,-0.08844398897345804,0.2545447349792365,0.20138122929474203,-0.023134119851814294,-0.0828941569067713,-0.053014138379292794,0.0298800185274785,0.1925195256648786,0.15231043276065556,-0.05856397044597954,0.9431179067967944,14.086805277436595,15.95093870438751,30.037743981824107,-1.8641334269509162,7.351769199019196,7.396191898175146,12.538302518657156,0.2305890654016234,9.147434608291261,11.568438528496115,0.391436,0.04516,0.563404,0.414016,0.5859840000000001,2.4153655897356625,1.7065312363477498,0.414016,0.5859840000000001,2.4153655897356625,1.7065312363477498,2.0,0.5074155434494982,28.5,0.505484,-2.0,29.0,0.0009851025362752855,250000,0.0,Washington Commanders,Buffalo Bills,-0.1767295870590665,0.0074855261538499,-0.0268680988494175,-0.0341952341154178,-0.20359768590848398,-0.026709707961567897,-0.1000325679968581,-0.0839683302556753,0.0768984481450438,0.001074173348904,-0.023134119851814294,-0.0828941569067713
"Thursday, September 10, 2026",08:11,STEEL,Cincinnati Bengals,MINDFLAYER,Denver Broncos,AF034100926,OK,2.0,0.7911427801135581,0.3663619268494819,1.8700167804259031,0.1893207189638932,-0.2514875337779079,-0.031083407407007352,0.22040412637090054,0.2050175044019577,0.16219811840450846,-0.15547440979639562,-0.018394995298000504,-0.08693470254719807,-0.06853970724919756,0.2476338226150046,0.19591371087378243,0.15186441912170298,1.1640024092641932,19.563347823679617,17.495701397197017,37.05904922087663,2.0676464264826,9.035516269358205,8.8014091791854,20.339050783417477,0.2557558030535282,10.882428783431155,14.134477682607193,0.559744,0.038952,0.401304,0.5792200000000001,0.42078,1.7264597216946926,2.376538808878749,0.5792200000000001,0.42078,1.7264597216946926,2.376538808878749,-2.0,0.5005354188975788,35.5,0.495956,2.0,35.0,0.0009873686071574283,250000,0.0,Cincinnati Bengals,Denver Broncos,0.1884248445175604,-0.2627176771134182,0.0008958744463328,0.0112301433355103,0.1893207189638932,-0.2514875337779079,-0.1328131477789581,-0.0444997070766834,-0.0226612620174375,0.0261047117786829,-0.15547440979639562,-0.018394995298000504
"Thursday, September 10, 2026",08:47,ORIGINAL,Washington Commanders,STEEL,Cincinnati Bengals,AF036100926,OK,2.0,0.7911427801135581,0.3663619268494819,1.8192456572666647,-0.20359768590848398,-0.026709707961567897,-0.11515369693502595,-0.08844398897345804,0.2545447349792365,0.20138122929474203,0.1893207189638932,-0.2514875337779079,-0.031083407407007352,0.22040412637090054,0.2050175044019577,0.16219811840450846,0.1319601373974425,1.1410628326264431,16.67368853609045,19.72668956836343,36.40037810445388,-3.053001032272981,8.524087316641303,9.101913831231998,19.545286519214674,0.2519192947380187,10.789547114428304,13.949748134332992,0.36386,0.038416,0.597724,0.383068,0.616932,2.6105025739555376,1.620924186133966,0.383068,0.616932,2.6105025739555376,1.620924186133966,3.0,0.5035536380499802,34.5,0.505596,-3.0,35.0,0.00097226931942955,250000,0.0,Washington Commanders,Cincinnati Bengals,-0.1767295870590665,0.0074855261538499,-0.0268680988494175,-0.0341952341154178,-0.20359768590848398,-0.026709707961567897,0.1884248445175604,-0.2627176771134182,0.0008958744463328,0.0112301433355103,0.1893207189638932,-0.2514875337779079
"Thursday, September 10, 2026",09:23,MERCURY,Buffalo Bills,MINDFLAYER,Denver Broncos,AF038100926,OK,2.0,0.7911427801135581,0.3663619268494819,1.8700167804259031,-0.023134119851814294,-0.0828941569067713,-0.053014138379292794,0.0298800185274785,0.1925195256648786,0.15231043276065556,-0.15547440979639562,-0.018394995298000504,-0.08693470254719807,-0.06853970724919756,0.2476338226150046,0.19591371087378243,-0.03865968872171906,0.962078059456926,15.818861086990534,14.78128479136614,30.600145878356674,1.037576295624394,7.343872976743036,7.588528334855106,13.047502343550484,0.23412331619432486,9.242468712434706,11.730866859466797,0.527072,0.046012,0.426916,0.550078,0.44992200000000004,1.8179240035049575,2.222607474184414,0.550078,0.44992200000000004,1.8179240035049575,2.222607474184414,-1.0,0.5038647788977197,29.0,0.5078231588725363,1.0,29.0,0.0009949717461636787,250000,0.0,Buffalo Bills,Denver Broncos,-0.1000325679968581,-0.0839683302556753,0.0768984481450438,0.001074173348904,-0.023134119851814294,-0.0828941569067713,-0.1328131477789581,-0.0444997070766834,-0.0226612620174375,0.0261047117786829,-0.15547440979639562,-0.018394995298000504
"Thursday, September 10, 2026",09:59,ORIGINAL,Washington Commanders,MINDFLAYER,Denver Broncos,AF040100926,OK,2.0,0.7911427801135581,0.3663619268494819,1.8192456572666647,-0.20359768590848398,-0.026709707961567897,-0.11515369693502595,-0.08844398897345804,0.2545447349792365,0.20138122929474203,-0.15547440979639562,-0.018394995298000504,-0.08693470254719807,-0.06853970724919756,0.2476338226150046,0.19591371087378243,-0.1569836962226556,0.8547179938359518,13.206899754718322,13.973705576006898,27.18060533072522,-0.7668058212885764,6.952140464260619,7.226941821568385,13.24608797753779,0.2636419641013818,8.606321465763898,11.27178429008556,0.437356,0.050696,0.511948,0.462704,0.537296,2.16120889380684,1.8611714957863077,0.462704,0.537296,2.16120889380684,1.8611714957863077,0.5,0.488052,25.5,0.50724,-1.0,26.0,0.000997214136249582,250000,0.0,Washington Commanders,Denver Broncos,-0.1767295870590665,0.0074855261538499,-0.0268680988494175,-0.0341952341154178,-0.20359768590848398,-0.026709707961567897,-0.1328131477789581,-0.0444997070766834,-0.0226612620174375,0.0261047117786829,-0.15547440979639562,-0.018394995298000504
"Thursday, September 10, 2026",10:35,MERCURY,Buffalo Bills,STEEL,Cincinnati Bengals,AF042100926,OK,2.0,0.7911427801135581,0.3663619268494819,2.258731053438031,-0.023134119851814294,-0.0828941569067713,-0.053014138379292794,0.0298800185274785,0.1925195256648786,0.15231043276065556,0.1893207189638932,-0.2514875337779079,-0.031083407407007352,0.22040412637090054,0.2050175044019577,0.16219811840450846,0.250284144898379,1.2843903177992217,19.971285287141704,20.866749690326202,40.838034977467906,-0.8954644031844978,8.98446670442739,9.565106165625185,23.254168153677433,0.27059434125421494,11.2117599695717,14.789193156829082,0.451428,0.038132,0.51044,0.47049399999999997,0.529506,2.1254256164797,1.888552726503571,0.47049399999999997,0.529506,2.1254256164797,1.888552726503571,1.0,0.5093492365379734,39.0,0.5030646581157906,-1.0,39.0,0.0009982572733799639,250000,0.0,Buffalo Bills,Cincinnati Bengals,-0.1000325679968581,-0.0839683302556753,0.0768984481450438,0.001074173348904,-0.023134119851814294,-0.0828941569067713,0.1884248445175604,-0.2627176771134182,0.0008958744463328,0.0112301433355103,0.1893207189638932,-0.2514875337779079
"Thursday, September 10, 2026",11:11,MERCURY,Buffalo Bills,ORIGINAL,Washington Commanders,AF044100926,OK,2.0,0.7911427801135581,0.3663619268494819,1.8192456572666647,-0.023134119851814294,-0.0828941569067713,-0.053014138379292794,0.0298800185274785,0.1925195256648786,0.15231043276065556,-0.20359768590848398,-0.026709707961567897,-0.11515369693502595,-0.08844398897345804,0.2545447349792365,0.20138122929474203,-0.05856397044597954,0.9431179067967944,15.95093870438751,14.086805277436595,30.037743981824107,1.8641334269509162,7.396191898175146,7.351769199019196,12.538302518657156,0.2305890654016234,9.147434608291261,11.568438528496115,0.565252,0.046352,0.388396,0.588428,0.411572,1.699443262387242,2.4297085321644816,0.588428,0.411572,1.699443262387242,2.4297085321644816,-2.0,0.49400812912544717,28.5,0.506892,2.0,29.0,0.0009842367374082316,250000,0.0,Buffalo Bills,Washington Commanders,-0.1000325679968581,-0.0839683302556753,0.0768984481450438,0.001074173348904,-0.023134119851814294,-0.0828941569067713,-0.1767295870590665,0.0074855261538499,-0.0268680988494175,-0.0341952341154178,-0.20359768590848398,-0.026709707961567897
"Thursday, September 10, 2026",11:47,STEEL,Cincinnati Bengals,ORIGINAL,Washington Commanders,AF046100926,OK,2.0,0.7911427801135581,0.3663619268494819,1.8192456572666647,0.1893207189638932,-0.2514875337779079,-0.031083407407007352,0.22040412637090054,0.2050175044019577,0.16219811840450846,-0.20359768590848398,-0.026709707961567897,-0.11515369693502595,-0.08844398897345804,0.2545447349792365,0.20138122929474203,0.1319601373974425,1.1410628326264431,19.72668956836343,16.67368853609045,36.40037810445388,3.053001032272981,9.101913831231998,8.524087316641303,19.545286519214674,0.2519192947380187,10.789547114428304,13.949748134332992,0.597672,0.038448,0.36388,0.616896,0.383104,1.621018777881523,2.610257266956231,0.616896,0.383104,1.621018777881523,2.610257266956231,-3.0,0.49687273575241725,34.5,0.506112,3.0,35.0,0.000972286635070132,250000,0.0,Cincinnati Bengals,Washington Commanders,0.1884248445175604,-0.2627176771134182,0.0008958744463328,0.0112301433355103,0.1893207189638932,-0.2514875337779079,-0.1767295870590665,0.0074855261538499,-0.0268680988494175,-0.0341952341154178,-0.20359768590848398,-0.026709707961567897
"Thursday, September 10, 2026",12:23,MINDFLAYER,Denver Broncos,MERCURY,Buffalo Bills,AF048100926,OK,2.0,0.7911427801135581,0.3663619268494819,1.8700167804259031,-0.15547440979639562,-0.018394995298000504,-0.08693470254719807,-0.06853970724919756,0.2476338226150046,0.19591371087378243,-0.023134119851814294,-0.0828941569067713,-0.053014138379292794,0.0298800185274785,0.1925195256648786,0.15231043276065556,-0.03865968872171906,0.962078059456926,14.78128479136614,15.818861086990534,30.600145878356674,-1.037576295624394,7.588528334855106,7.343872976743036,13.047502343550482,0.23412331619432483,9.242468712434706,11.730866859466797,0.425428,0.046356,0.528216,0.44860599999999995,0.551394,2.229127564053981,1.813585204046471,0.44860599999999995,0.551394,2.229127564053981,1.813585204046471,1.0,0.49503894970116175,29.0,0.5087387499481565,-1.0,29.0,0.0009947032859380731,250000,0.0,Denver Broncos,Buffalo Bills,-0.1328131477789581,-0.0444997070766834,-0.0226612620174375,0.0261047117786829,-0.15547440979639562,-0.018394995298000504,-0.1000325679968581,-0.0839683302556753,0.0768984481450438,0.001074173348904,-0.023134119851814294,-0.0828941569067713
"Thursday, September 10, 2026",12:59,MINDFLAYER,Denver Broncos,ORIGINAL,Washington Commanders,AF050100926,OK,2.0,0.7911427801135581,0.3663619268494819,1.8192456572666647,-0.15547440979639562,-0.018394995298000504,-0.08693470254719807,-0.06853970724919756,0.2476338226150046,0.19591371087378243,-0.20359768590848398,-0.026709707961567897,-0.11515369693502595,-0.08844398897345804,0.2545447349792365,0.20138122929474203,-0.1569836962226556,0.8547179938359518,13.973705576006898,13.206899754718322,27.18060533072522,0.7668058212885764,7.226941821568385,6.952140464260619,13.24608797753779,0.2636419641013818,8.606321465763898,11.27178429008556,0.511688,0.051136,0.437176,0.5372560000000001,0.462744,1.8613100644757805,2.161022077001539,0.5372560000000001,0.462744,1.8613100644757805,2.161022077001539,-0.5,0.511688,25.5,0.5076,1.0,26.0,0.0009972201170534015,250000,0.0,Denver Broncos,Washington Commanders,-0.1328131477789581,-0.0444997070766834,-0.0226612620174375,0.0261047117786829,-0.15547440979639562,-0.018394995298000504,-0.1767295870590665,0.0074855261538499,-0.0268680988494175,-0.0341952341154178,-0.20359768590848398,-0.026709707961567897
"Thursday, September 10, 2026",13:35,STEEL,Baltimore Ravens,MERCURY,Detroit Lions,AF052100926,OK,2.0,0.7911427801135581,0.3663619268494819,2.258731053438031,0.1871107870310938,-0.2520489154162403,-0.032469064192573255,0.21957985122366705,0.2050175044019577,0.16219811840450846,-0.051543156902823996,-0.1227882080300852,-0.08716568246645459,0.0356225255636306,0.1925195256648786,0.15231043276065556,0.2552023767872976,1.2907228067779437,21.6680990142002,19.42280421699932,41.09090323119952,2.2452947972008808,9.890458650026506,8.768192671203783,23.484035624511282,0.2707984751565504,11.30196017415622,14.888601219599456,0.558452,0.037712,0.403836,0.5773079999999999,0.42269199999999996,1.732177624422319,2.36578880130213,0.5773079999999999,0.42269199999999996,1.732177624422319,2.36578880130213,-2.0,0.5018600340001745,39.5,0.496628,2.0,39.0,0.0009879746416502804,250000,0.0,Baltimore Ravens,Detroit Lions,0.1884248445175604,-0.2627176771134182,-0.0013140574864666,0.0106687616971779,0.1871107870310938,-0.2520489154162403,-0.1000325679968581,-0.0839683302556753,0.0484894110940341,-0.0388198777744099,-0.051543156902823996,-0.1227882080300852
"Thursday, September 10, 2026",14:11,MINDFLAYER,Philadelphia Eagles,STEEL,Baltimore Ravens,AF054100926,OK,2.0,0.7911427801135581,0.3663619268494819,1.8700167804259031,-0.08900998861423162,-0.0314697969358758,-0.06023989277505371,-0.02877009583917791,0.2476338226150046,0.19591371087378243,0.1871107870310938,-0.2520489154162403,-0.032469064192573255,0.21957985122366705,0.2050175044019577,0.16219811840450846,0.19080975538448913,1.2102291905919456,18.708557118828992,19.777059923532008,38.485617042361,-1.0685028047030158,9.342394581055709,9.122387322650546,21.986604786419388,0.25798321828070847,11.248336650356608,14.64484539165345,0.437664,0.037728,0.524608,0.456528,0.543472,2.1904461500718466,1.8400211970441902,0.456528,0.543472,2.1904461500718466,1.8400211970441902,1.0,0.49441511600334465,36.5,0.506816,-1.0,37.0,0.000996213200506799,250000,0.0,Philadelphia Eagles,Baltimore Ravens,-0.1328131477789581,-0.0444997070766834,0.0438031591647265,0.0130299101408076,-0.08900998861423162,-0.0314697969358758,0.1884248445175604,-0.2627176771134182,-0.0013140574864666,0.0106687616971779,0.1871107870310938,-0.2520489154162403
"Thursday, September 10, 2026",14:47,ORIGINAL,Kansas City Chiefs,MERCURY,Detroit Lions,AF056100926,OK,2.0,0.7911427801135581,0.3663619268494819,1.8192456572666647,-0.19117399269452048,-0.0021324956334611003,-0.09665324416399079,-0.09452074853052969,0.2545447349792365,0.20138122929474203,-0.051543156902823996,-0.1227882080300852,-0.08716568246645459,0.0356225255636306,0.1925195256648786,0.15231043276065556,-0.05889822296689909,0.9428027199378588,14.843414630478575,15.127759462226418,29.97117409270499,-0.284344831747843,7.695006709392911,7.0699268657337875,12.529923401260499,0.2303162028808814,9.172630339324991,11.586925431146405,0.457244,0.046964,0.495792,0.480726,0.519274,2.080187050419574,1.925765588109553,0.480726,0.519274,2.080187050419574,1.925765588109553,0.5,0.504208,28.5,0.503364,0.0,29.0,0.0009992567496374494,250000,0.0,Kansas City Chiefs,Detroit Lions,-0.1767295870590665,0.0074855261538499,-0.014444405635454,-0.009618021787311,-0.19117399269452048,-0.0021324956334611003,-0.1000325679968581,-0.0839683302556753,0.0484894110940341,-0.0388198777744099,-0.051543156902823996,-0.1227882080300852
"Thursday, September 10, 2026",15:23,STEEL,Baltimore Ravens,MINDFLAYER,Philadelphia Eagles,AF058100926,OK,2.0,0.7911427801135581,0.3663619268494819,1.8700167804259031,0.1871107870310938,-0.2520489154162403,-0.032469064192573255,0.21957985122366705,0.2050175044019577,0.16219811840450846,-0.08900998861423162,-0.0314697969358758,-0.06023989277505371,-0.02877009583917791,0.2476338226150046,0.19591371087378243,0.19080975538448913,1.2102291905919456,19.777059923532008,18.708557118828992,38.485617042361,1.0685028047030158,9.122387322650546,9.342394581055709,21.986604786419388,0.25798321828070847,11.248336650356608,14.64484539165345,0.52492,0.03884,0.43624,0.54434,0.45566,1.8370871146709775,2.1946187947153577,0.54434,0.45566,1.8370871146709775,2.1946187947153577,-1.0,0.5055205835331735,36.5,0.504872,1.0,37.0,0.0009960601676605686,250000,0.0,Baltimore Ravens,Philadelphia Eagles,0.1884248445175604,-0.2627176771134182,-0.0013140574864666,0.0106687616971779,0.1871107870310938,-0.2520489154162403,-0.1328131477789581,-0.0444997070766834,0.0438031591647265,0.0130299101408076,-0.08900998861423162,-0.0314697969358758
"Thursday, September 10, 2026",15:59,ORIGINAL,Kansas City Chiefs,STEEL,Baltimore Ravens,AF060100926,OK,2.0,0.7911427801135581,0.3663619268494819,1.8192456572666647,-0.19117399269452048,-0.0021324956334611003,-0.09665324416399079,-0.09452074853052969,0.2545447349792365,0.20138122929474203,0.1871107870310938,-0.2520489154162403,-0.032469064192573255,0.21957985122366705,0.2050175044019577,0.16219811840450846,0.12505910269313736,1.1332154271712824,16.891609427336906,19.205282569001714,36.09689199633862,-2.3136731416648075,8.622702854330974,8.889932702645051,19.277374243010684,0.2514814670014576,10.715743533960866,13.854120558796465,0.389716,0.039844,0.57044,0.409638,0.5903619999999999,2.44117977336087,1.693875960851139,0.409638,0.5903619999999999,2.44117977336087,1.693875960851139,2.0,0.49077281576062265,34.5,0.495968,-2.0,34.0,0.000983533850878555,250000,0.0,Kansas City Chiefs,Baltimore Ravens,-0.1767295870590665,0.0074855261538499,-0.014444405635454,-0.009618021787311,-0.19117399269452048,-0.0021324956334611003,0.1884248445175604,-0.2627176771134182,-0.0013140574864666,0.0106687616971779,0.1871107870310938,-0.2520489154162403
"Thursday, September 10, 2026",16:35,MERCURY,Detroit Lions,MINDFLAYER,Philadelphia Eagles,AF062100926,OK,2.0,0.7911427801135581,0.3663619268494819,1.8700167804259031,-0.051543156902823996,-0.1227882080300852,-0.08716568246645459,0.0356225255636306,0.1925195256648786,0.15231043276065556,-0.08900998861423162,-0.0314697969358758,-0.06023989277505371,-0.02877009583917791,0.2476338226150046,0.19591371087378243,0.0068524297244526924,1.0068759613398903,15.57814129098657,16.440048039670533,32.0181893306571,-0.8619067486839622,7.248489948108343,8.330105726924325,14.29087127503923,0.23667950525862175,9.661755813488906,12.268374403303952,0.449132,0.045028,0.50584,0.47164599999999995,0.528354,2.12023424347922,1.8926704444368738,0.47164599999999995,0.528354,2.12023424347922,1.8926704444368738,0.5,0.49416,30.5,0.500824,-1.0,31.0,0.000998390806616327,250000,0.0,Detroit Lions,Philadelphia Eagles,-0.1000325679968581,-0.0839683302556753,0.0484894110940341,-0.0388198777744099,-0.051543156902823996,-0.1227882080300852,-0.1328131477789581,-0.0444997070766834,0.0438031591647265,0.0130299101408076,-0.08900998861423162,-0.0314697969358758
"Thursday, September 10, 2026",17:11,ORIGINAL,Kansas City Chiefs,MINDFLAYER,Philadelphia Eagles,AF064100926,OK,2.0,0.7911427801135581,0.3663619268494819,1.8192456572666647,-0.19117399269452048,-0.0021324956334611003,-0.09665324416399079,-0.09452074853052969,0.2545447349792365,0.20138122929474203,-0.08900998861423162,-0.0314697969358758,-0.06023989277505371,-0.02877009583917791,0.2476338226150046,0.19591371087378243,-0.12329084436970761,0.8840065168497319,13.547985931964885,14.571456768907952,28.11944270087284,-1.0234708369430674,7.1071156077896,7.49461782156756,14.169446131927701,0.26601737466814956,8.851073171654905,11.619779723286497,0.428428,0.049428,0.522144,0.453142,0.5468580000000001,2.206813758159694,1.828628272787451,0.453142,0.5468580000000001,2.206813758159694,1.828628272787451,1.0,0.5027607568513905,26.5,0.504612,-1.0,27.0,0.0009955989711445067,250000,0.0,Kansas City Chiefs,Philadelphia Eagles,-0.1767295870590665,0.0074855261538499,-0.014444405635454,-0.009618021787311,-0.19117399269452048,-0.0021324956334611003,-0.1328131477789581,-0.0444997070766834,0.0438031591647265,0.0130299101408076,-0.08900998861423162,-0.0314697969358758
"Thursday, September 10, 2026",17:47,MERCURY,Detroit Lions,STEEL,Baltimore Ravens,AF066100926,OK,2.0,0.7911427801135581,0.3663619268494819,2.258731053438031,-0.051543156902823996,-0.1227882080300852,-0.08716568246645459,0.0356225255636306,0.1925195256648786,0.15231043276065556,0.1871107870310938,-0.2520489154162403,-0.032469064192573255,0.21957985122366705,0.2050175044019577,0.16219811840450846,0.2552023767872976,1.2907228067779437,19.42280421699932,21.6680990142002,41.09090323119952,-2.2452947972008808,8.768192671203783,9.890458650026506,23.48403562451128,0.27079847515655037,11.30196017415622,14.888601219599456,0.403764,0.037948,0.558288,0.422738,0.577262,2.3655313693114883,1.732315655629506,0.422738,0.577262,2.3655313693114883,1.732315655629506,2.0,0.49796176436332173,39.5,0.497988,-2.0,39.0,0.0009879890350727584,250000,0.0,Detroit Lions,Baltimore Ravens,-0.1000325679968581,-0.0839683302556753,0.0484894110940341,-0.0388198777744099,-0.051543156902823996,-0.1227882080300852,0.1884248445175604,-0.2627176771134182,-0.0013140574864666,0.0106687616971779,0.1871107870310938,-0.2520489154162403
"Thursday, September 10, 2026",18:23,MERCURY,Detroit Lions,ORIGINAL,Kansas City Chiefs,AF068100926,OK,2.0,0.7911427801135581,0.3663619268494819,1.8192456572666647,-0.051543156902823996,-0.1227882080300852,-0.08716568246645459,0.0356225255636306,0.1925195256648786,0.15231043276065556,-0.19117399269452048,-0.0021324956334611003,-0.09665324416399079,-0.09452074853052969,0.2545447349792365,0.20138122929474203,-0.05889822296689909,0.9428027199378588,15.127759462226418,14.843414630478575,29.97117409270499,0.284344831747843,7.0699268657337875,7.695006709392911,12.529923401260499,0.2303162028808814,9.172630339324991,11.586925431146405,0.495724,0.047768,0.456508,0.519608,0.48039200000000004,1.924527720897292,2.081633332778231,0.519608,0.48039200000000004,1.924527720897292,2.081633332778231,-0.5,0.495724,28.5,0.503136,0.0,29.0,0.0009992307568044531,250000,0.0,Detroit Lions,Kansas City Chiefs,-0.1000325679968581,-0.0839683302556753,0.0484894110940341,-0.0388198777744099,-0.051543156902823996,-0.1227882080300852,-0.1767295870590665,0.0074855261538499,-0.014444405635454,-0.009618021787311,-0.19117399269452048,-0.0021324956334611003
"Thursday, September 10, 2026",18:59,STEEL,Baltimore Ravens,MINDFLAYER,Philadelphia Eagles,AF070100926,OK,2.0,0.7911427801135581,0.3663619268494819,1.8700167804259031,0.1871107870310938,-0.2520489154162403,-0.032469064192573255,0.21957985122366705,0.2050175044019577,0.16219811840450846,-0.08900998861423162,-0.0314697969358758,-0.06023989277505371,-0.02877009583917791,0.2476338226150046,0.19591371087378243,0.19080975538448913,1.2102291905919456,19.777059923532008,18.708557118828992,38.485617042361,1.0685028047030158,9.122387322650546,9.342394581055709,21.986604786419388,0.25798321828070847,11.248336650356608,14.64484539165345,0.524008,0.03882,0.437172,0.5434180000000001,0.456582,1.8402040418241572,2.1901870857808676,0.5434180000000001,0.456582,1.8402040418241572,2.1901870857808676,-1.0,0.5048022504827219,36.5,0.505328,1.0,37.0,0.000996222620253124,250000,0.0,Baltimore Ravens,Philadelphia Eagles,0.1884248445175604,-0.2627176771134182,-0.0013140574864666,0.0106687616971779,0.1871107870310938,-0.2520489154162403,-0.1328131477789581,-0.0444997070766834,0.0438031591647265,0.0130299101408076,-0.08900998861423162,-0.0314697969358758
"Thursday, September 10, 2026",19:25,SENTRY,Philadelphia Eagles,KEVLAR,Baltimore Ravens,AF071100926,OK,1.0,0.8168904963744579,0.4601265414163797,2.8963888453312,0.2262585822129169,0.1406532141025945,0.1834558981577557,0.0428026840551612,0.1944717738341874,0.15886214385823066,0.171556498633106,0.2053072644269136,0.1884318815300098,-0.016875382896903796,0.1147356092246969,0.09372642877138848,0.025927301158257407,1.0262663373873577,16.548154731590998,16.713663620622125,33.261818352213126,-0.16550888903112693,7.749270326138375,6.549489926236778,11.927806503857475,0.23501322145632664,8.893334350721942,11.260667026831083,0.457644,0.047764,0.494592,0.481526,0.518474,2.076731059174375,1.9287370244216682,0.481526,0.518474,2.076731059174375,1.9287370244216682,0.5,0.505408,32.0,0.5020816124921654,0.0,32.0,0.000999317189532933,250000,0.0,Philadelphia Eagles,Baltimore Ravens,0.1824554230481904,0.1276233039617869,0.0438031591647265,0.0130299101408076,0.2262585822129169,0.1406532141025945,0.1728705561195726,0.1946385027297357,-0.0013140574864666,0.0106687616971779,0.171556498633106,0.2053072644269136
"Thursday, September 10, 2026",20:01,MEMENTO,Detroit Lions,LYNX,Kansas City Chiefs,AF073100926,OK,1.0,0.8168904963744579,0.4601265414163797,2.3684395132668823,0.3254565508612373,0.004982124989385203,0.16521933792531127,0.16023721293592605,0.1889161501706009,0.15432380768601378,0.0721447974459821,0.1933466209881615,0.1327457092170718,-0.0606009117710897,0.2378215163655066,0.19427413655234496,0.09963630116483635,1.104769041785486,18.493756915682727,17.33081192898795,35.82456884467068,1.1629449866947787,8.442478203646733,8.699564181260415,22.759057335203224,0.3098752037698436,10.07172976665443,13.873570911388523,0.529252,0.043572,0.427176,0.5510379999999999,0.44896199999999997,1.8147568770211857,2.227359999287245,0.5510379999999999,0.44896199999999997,1.8147568770211857,2.227359999287245,-1.0,0.5079810361550554,34.0,0.5021465776417752,1.0,34.0,0.0009947766031748032,250000,0.0,Detroit Lions,Kansas City Chiefs,0.2769671397672032,0.0438020027637951,0.0484894110940341,-0.0388198777744099,0.3254565508612373,0.004982124989385203,0.0865892030814361,0.2029646427754725,-0.014444405635454,-0.009618021787311,0.0721447974459821,0.1933466209881615
"Thursday, September 10, 2026",20:37,SENTRY,Philadelphia Eagles,MEMENTO,Detroit Lions,AF075100926,OK,1.0,0.8168904963744579,0.4601265414163797,2.8963888453312,0.2262585822129169,0.1406532141025945,0.1834558981577557,0.0428026840551612,0.1944717738341874,0.15886214385823066,0.3254565508612373,0.004982124989385203,0.16521933792531127,0.16023721293592605,0.1889161501706009,0.15432380768601378,0.20303989699108727,1.2251213459278758,20.21853460600396,19.494387780140084,39.712922386144044,0.7241468258638761,9.228198850739965,8.839810102433752,27.987847061658503,0.3430912263795076,10.359836029231893,14.808024540741592,0.506804,0.041616,0.45158,0.5276120000000001,0.472388,1.8953321759171509,2.116903901030509,0.5276120000000001,0.472388,1.8953321759171509,2.116903901030509,-0.5,0.506804,38.0,0.49687989765570684,1.0,38.0,0.000998473990559594,250000,0.0,Philadelphia Eagles,Detroit Lions,0.1824554230481904,0.1276233039617869,0.0438031591647265,0.0130299101408076,0.2262585822129169,0.1406532141025945,0.2769671397672032,0.0438020027637951,0.0484894110940341,-0.0388198777744099,0.3254565508612373,0.004982124989385203
"Thursday, September 10, 2026",21:13,KEVLAR,Baltimore Ravens,LYNX,Kansas City Chiefs,AF077100926,OK,1.0,0.8168904963744579,0.4601265414163797,2.3684395132668823,0.171556498633106,0.2053072644269136,0.1884318815300098,-0.016875382896903796,0.1147356092246969,0.09372642877138848,0.0721447974459821,0.1933466209881615,0.1327457092170718,-0.0606009117710897,0.2378215163655066,0.19427413655234496,-0.0774762946679935,0.9254489622115185,15.855765036395223,14.184655961161072,30.040420997556296,1.6711090752341509,6.278461958420206,7.298868379298383,9.699411016018884,0.21165891418186933,8.561176446588034,10.587321956646509,0.570692,0.047764,0.381544,0.5945739999999999,0.405426,1.6818764359020073,2.4665413663652553,0.5945739999999999,0.405426,1.6818764359020073,2.4665413663652553,-2.0,0.49645640941420216,29.0,0.49490562816706707,2.0,29.0,0.0009819485903528758,250000,0.0,Baltimore Ravens,Kansas City Chiefs,0.1728705561195726,0.1946385027297357,-0.0013140574864666,0.0106687616971779,0.171556498633106,0.2053072644269136,0.0865892030814361,0.2029646427754725,-0.014444405635454,-0.009618021787311,0.0721447974459821,0.1933466209881615
"Thursday, September 10, 2026",21:49,SENTRY,Philadelphia Eagles,LYNX,Kansas City Chiefs,AF079100926,OK,1.0,0.8168904963744579,0.4601265414163797,2.3684395132668823,0.2262585822129169,0.1406532141025945,0.1834558981577557,0.0428026840551612,0.1944717738341874,0.15886214385823066,0.0721447974459821,0.1933466209881615,0.1327457092170718,-0.0606009117710897,0.2378215163655066,0.19427413655234496,-0.017798227715928497,0.9823592252273672,16.747269707794906,15.132047784099704,31.87931749189461,1.6152219236952021,7.829655218195074,7.721186441819255,18.524198365982105,0.3064169217967311,9.158156155754206,12.568556704614378,0.553036,0.047276,0.399688,0.576674,0.423326,1.73408199433302,2.362245645200153,0.576674,0.423326,1.73408199433302,2.362245645200153,-1.5,0.50578,30.5,0.492828,2.0,30.0,0.0009881722475843975,250000,0.0,Philadelphia Eagles,Kansas City Chiefs,0.1824554230481904,0.1276233039617869,0.0438031591647265,0.0130299101408076,0.2262585822129169,0.1406532141025945,0.0865892030814361,0.2029646427754725,-0.014444405635454,-0.009618021787311,0.0721447974459821,0.1933466209881615
"Thursday, September 10, 2026",22:25,KEVLAR,Baltimore Ravens,MEMENTO,Detroit Lions,AF081100926,OK,1.0,0.8168904963744579,0.4601265414163797,2.9815655038304274,0.171556498633106,0.2053072644269136,0.1884318815300098,-0.016875382896903796,0.1147356092246969,0.09372642877138848,0.3254565508612373,0.004982124989385203,0.16521933792531127,0.16023721293592605,0.1889161501706009,0.15432380768601378,0.14336183003902225,1.1541473312979946,19.142244657576178,18.273877255747873,37.41612191332405,0.868367401828305,7.313412407683685,8.355114283847687,15.085611565397846,0.2468825884325862,9.650011016067372,12.388105540065963,0.527244,0.043284,0.429472,0.5488860000000001,0.451114,1.8218719369778056,2.2167345726357417,0.5488860000000001,0.451114,1.8218719369778056,2.2167345726357417,-1.0,0.5055805158839721,36.0,0.504407719196641,1.0,36.0,0.0009952088404028574,250000,0.0,Baltimore Ravens,Detroit Lions,0.1728705561195726,0.1946385027297357,-0.0013140574864666,0.0106687616971779,0.171556498633106,0.2053072644269136,0.2769671397672032,0.0438020027637951,0.0484894110940341,-0.0388198777744099,0.3254565508612373,0.004982124989385203
"Thursday, September 10, 2026",23:01,KEVLAR,Baltimore Ravens,SENTRY,Philadelphia Eagles,AF083100926,OK,1.0,0.8168904963744579,0.4601265414163797,2.8963888453312,0.171556498633106,0.2053072644269136,0.1884318815300098,-0.016875382896903796,0.1147356092246969,0.09372642877138848,0.2262585822129169,0.1406532141025945,0.1834558981577557,0.0428026840551612,0.1944717738341874,0.15886214385823066,0.025927301158257407,1.0262663373873577,16.713663620622125,16.548154731590998,33.261818352213126,0.16550888903112693,6.549489926236778,7.749270326138375,11.927806503857475,0.23501322145632664,8.893334350721942,11.260667026831083,0.494996,0.04748,0.457524,0.518736,0.48126399999999997,1.9277628697449185,2.077861631038266,0.518736,0.48126399999999997,1.9277628697449185,2.077861631038266,-0.5,0.494996,32.0,0.5033920401232261,0.0,32.0,0.00099929767797989,250000,0.0,Baltimore Ravens,Philadelphia Eagles,0.1728705561195726,0.1946385027297357,-0.0013140574864666,0.0106687616971779,0.171556498633106,0.2053072644269136,0.1824554230481904,0.1276233039617869,0.0438031591647265,0.0130299101408076,0.2262585822129169,0.1406532141025945
"Thursday, September 10, 2026",23:37,MEMENTO,Detroit Lions,SENTRY,Philadelphia Eagles,AF085100926,OK,1.0,0.8168904963744579,0.4601265414163797,2.8963888453312,0.3254565508612373,0.004982124989385203,0.16521933792531127,0.16023721293592605,0.1889161501706009,0.15432380768601378,0.2262585822129169,0.1406532141025945,0.1834558981577557,0.0428026840551612,0.1944717738341874,0.15886214385823066,0.20303989699108727,1.2251213459278758,19.494387780140084,20.21853460600396,39.712922386144044,-0.7241468258638761,8.839810102433752,9.228198850739965,27.987847061658503,0.3430912263795076,10.359836029231893,14.808024540741592,0.450644,0.042052,0.507304,0.47167,0.52833,2.120126359531028,1.892756421176159,0.47167,0.52833,2.120126359531028,1.892756421176159,0.5,0.492696,38.0,0.49870802096791444,-1.0,38.0,0.0009983935318300093,250000,0.0,Detroit Lions,Philadelphia Eagles,0.2769671397672032,0.0438020027637951,0.0484894110940341,-0.0388198777744099,0.3254565508612373,0.004982124989385203,0.1824554230481904,0.1276233039617869,0.0438031591647265,0.0130299101408076,0.2262585822129169,0.1406532141025945
"Friday, September 11, 2026",00:13,LYNX,Kansas City Chiefs,KEVLAR,Baltimore Ravens,AF087100926,OK,1.0,0.8168904963744579,0.4601265414163797,2.3684395132668823,0.0721447974459821,0.1933466209881615,0.1327457092170718,-0.0606009117710897,0.2378215163655066,0.19427413655234496,0.171556498633106,0.2053072644269136,0.1884318815300098,-0.016875382896903796,0.1147356092246969,0.09372642877138848,-0.0774762946679935,0.9254489622115185,14.184655961161072,15.855765036395223,30.040420997556296,-1.6711090752341509,7.298868379298383,6.278461958420206,9.699411016018882,0.2116589141818693,8.561176446588036,10.587321956646509,0.382988,0.047304,0.569708,0.40664,0.59336,2.459177650993508,1.6853175138196037,0.40664,0.59336,2.459177650993508,1.6853175138196037,2.0,0.5050731810045277,29.0,0.49617519998002285,-2.0,29.0,0.000982413172550124,250000,0.0,Kansas City Chiefs,Baltimore Ravens,0.0865892030814361,0.2029646427754725,-0.014444405635454,-0.009618021787311,0.0721447974459821,0.1933466209881615,0.1728705561195726,0.1946385027297357,-0.0013140574864666,0.0106687616971779,0.171556498633106,0.2053072644269136
"Friday, September 11, 2026",00:49,LYNX,Kansas City Chiefs,SENTRY,Philadelphia Eagles,AF089100926,OK,1.0,0.8168904963744579,0.4601265414163797,2.3684395132668823,0.0721447974459821,0.1933466209881615,0.1327457092170718,-0.0606009117710897,0.2378215163655066,0.19427413655234496,0.2262585822129169,0.1406532141025945,0.1834558981577557,0.0428026840551612,0.1944717738341874,0.15886214385823066,-0.017798227715928497,0.9823592252273672,15.132047784099704,16.747269707794906,31.87931749189461,-1.6152219236952021,7.721186441819255,7.829655218195074,18.524198365982105,0.3064169217967311,9.158156155754206,12.568556704614378,0.40132,0.047112,0.551568,0.42487600000000003,0.575124,2.3536278820173413,1.738755468385948,0.42487600000000003,0.575124,2.3536278820173413,1.738755468385948,1.5,0.49548,30.5,0.493796,-2.0,30.0,0.000988648339145927,250000,0.0,Kansas City Chiefs,Philadelphia Eagles,0.0865892030814361,0.2029646427754725,-0.014444405635454,-0.009618021787311,0.0721447974459821,0.1933466209881615,0.1824554230481904,0.1276233039617869,0.0438031591647265,0.0130299101408076,0.2262585822129169,0.1406532141025945
"Friday, September 11, 2026",01:25,MEMENTO,Denver Broncos,KEVLAR,Washington Commanders,AF001110926,OK,1.0,0.8168904963744579,0.4601265414163797,2.9815655038304274,0.2543058777497657,0.069906714542478,0.16210629614612185,0.09219958160364386,0.1889161501706009,0.15432380768601378,0.1460024572701551,0.1604432686143179,0.1532228629422365,-0.007220405672081404,0.1147356092246969,0.09372642877138848,0.08497917593156246,1.0886943954157475,17.799776310188026,17.48632285065713,35.286099160845154,0.3134534595308942,8.166670227793276,6.793025270970626,13.423086596902913,0.24196031583554709,9.273269204965679,11.818877617412596,0.47904,0.04564,0.47532,0.50186,0.49814,1.9925875742238872,2.007467780142129,0.50186,0.49814,1.9925875742238872,2.007467780142129,0.0,0.5019489500817302,34.0,0.501089153193745,0.0,34.0,0.0009999930807760623,250000,0.0,Denver Broncos,Washington Commanders,0.2769671397672032,0.0438020027637951,-0.0226612620174375,0.0261047117786829,0.2543058777497657,0.069906714542478,0.1728705561195726,0.1946385027297357,-0.0268680988494175,-0.0341952341154178,0.1460024572701551,0.1604432686143179
"Friday, September 11, 2026",02:01,LYNX,Cincinnati Bengals,MEMENTO,Denver Broncos,AF003110926,OK,1.0,0.8168904963744579,0.4601265414163797,2.3684395132668823,0.08748507752776889,0.2141947861109828,0.15083993181937586,-0.06335485429160695,0.2378215163655066,0.19427413655234496,0.2543058777497657,0.069906714542478,0.16210629614612185,0.09219958160364386,0.1889161501706009,0.15432380768601378,0.02884472731203691,1.0292647653601605,16.492432580622875,16.868270514196183,33.36070309481906,-0.3758379335733082,8.326767818590282,7.796110761480638,19.75447490370433,0.3043063636610132,9.518689799682324,13.023953129422482,0.454192,0.045528,0.50028,0.476956,0.523044,2.0966294584825436,1.9118850421761842,0.476956,0.523044,2.0966294584825436,1.9118850421761842,0.5,0.49972,32.0,0.4925699138283421,-1.0,32.0,0.0009989373835511412,250000,0.0,Cincinnati Bengals,Denver Broncos,0.0865892030814361,0.2029646427754725,0.0008958744463328,0.0112301433355103,0.08748507752776889,0.2141947861109828,0.2769671397672032,0.0438020027637951,-0.0226612620174375,0.0261047117786829,0.2543058777497657,0.069906714542478
"Friday, September 11, 2026",02:37,SENTRY,Buffalo Bills,KEVLAR,Washington Commanders,AF005110926,OK,1.0,0.8168904963744579,0.4601265414163797,2.8963888453312,0.2593538711932342,0.1286974773106909,0.19402567425196254,0.06532819694127166,0.1944717738341874,0.15886214385823066,0.1460024572701551,0.1604432686143179,0.1532228629422365,-0.007220405672081404,0.1147356092246969,0.09372642877138848,0.05810779126919026,1.0598292298912682,17.88985663545545,16.48792444575259,34.37778108120804,1.4019321897028583,8.2905491069309,6.478241195948304,12.720734952687106,0.23684913023883244,9.233598625776423,11.668002545109797,0.524992,0.045692,0.429316,0.547838,0.45216199999999995,1.825357131122704,2.211596728606119,0.547838,0.45216199999999995,1.825357131122704,2.211596728606119,-1.0,0.5020588210628716,33.0,0.5039569523383122,1.0,33.0,0.0009954125290672204,250000,0.0,Buffalo Bills,Washington Commanders,0.1824554230481904,0.1276233039617869,0.0768984481450438,0.001074173348904,0.2593538711932342,0.1286974773106909,0.1728705561195726,0.1946385027297357,-0.0268680988494175,-0.0341952341154178,0.1460024572701551,0.1604432686143179
"Friday, September 11, 2026",03:13,MEMENTO,Denver Broncos,LYNX,Cincinnati Bengals,AF007110926,OK,1.0,0.8168904963744579,0.4601265414163797,2.3684395132668823,0.2543058777497657,0.069906714542478,0.16210629614612185,0.09219958160364386,0.1889161501706009,0.15432380768601378,0.08748507752776889,0.2141947861109828,0.15083993181937586,-0.06335485429160695,0.2378215163655066,0.19427413655234496,0.02884472731203691,1.0292647653601605,16.868270514196183,16.492432580622875,33.36070309481906,0.3758379335733082,7.796110761480638,8.326767818590282,19.75447490370433,0.3043063636610132,9.518689799682324,13.023953129422482,0.499404,0.045456,0.45514,0.522132,0.477868,1.9152245026161965,2.0926280897653746,0.522132,0.477868,1.9152245026161965,2.0926280897653746,-0.5,0.499404,31.5,0.507856,0.0,32.0,0.0009990198688234384,250000,0.0,Denver Broncos,Cincinnati Bengals,0.2769671397672032,0.0438020027637951,-0.0226612620174375,0.0261047117786829,0.2543058777497657,0.069906714542478,0.0865892030814361,0.2029646427754725,0.0008958744463328,0.0112301433355103,0.08748507752776889,0.2141947861109828
"Friday, September 11, 2026",03:49,SENTRY,Buffalo Bills,MEMENTO,Denver Broncos,AF009110926,OK,1.0,0.8168904963744579,0.4601265414163797,2.8963888453312,0.2593538711932342,0.1286974773106909,0.19402567425196254,0.06532819694127166,0.1944717738341874,0.15886214385823066,0.2543058777497657,0.069906714542478,0.16210629614612185,0.09219958160364386,0.1889161501706009,0.15432380768601378,0.1575277785449155,1.1706132754634986,19.585126730503532,18.373909229541706,37.95903596004524,1.2112175009618262,8.97335061825191,8.39486212496281,25.55278072973331,0.33921102802270686,9.994456961523746,14.216198256731076,0.528048,0.042916,0.429036,0.5495059999999999,0.45049399999999995,1.81981634413455,2.219785391148384,0.5495059999999999,0.45049399999999995,1.81981634413455,2.219785391148384,-1.0,0.5067020093485295,36.5,0.492932,1.0,36.0,0.0009950862394064145,250000,0.0,Buffalo Bills,Denver Broncos,0.1824554230481904,0.1276233039617869,0.0768984481450438,0.001074173348904,0.2593538711932342,0.1286974773106909,0.2769671397672032,0.0438020027637951,-0.0226612620174375,0.0261047117786829,0.2543058777497657,0.069906714542478
"Friday, September 11, 2026",04:25,KEVLAR,Washington Commanders,LYNX,Cincinnati Bengals,AF011110926,OK,1.0,0.8168904963744579,0.4601265414163797,2.3684395132668823,0.1460024572701551,0.1604432686143179,0.1532228629422365,-0.007220405672081404,0.1147356092246969,0.09372642877138848,0.08748507752776889,0.2141947861109828,0.15083993181937586,-0.06335485429160695,0.2378215163655066,0.19427413655234496,-0.07057525996368835,0.9318576053171456,15.136831596044626,15.064863173835183,30.201694769879808,0.07196842220944255,6.050766480705425,7.691254667937541,9.834211080093064,0.21131578605302173,8.72345981883984,10.74409584522055,0.495072,0.048068,0.45686,0.5191060000000001,0.480894,1.9263888300270078,2.079460338452965,0.5191060000000001,0.480894,1.9263888300270078,2.079460338452965,-0.5,0.495072,29.0,0.5004196303928737,0.0,29.0,0.0009992696548259633,250000,0.0,Washington Commanders,Cincinnati Bengals,0.1728705561195726,0.1946385027297357,-0.0268680988494175,-0.0341952341154178,0.1460024572701551,0.1604432686143179,0.0865892030814361,0.2029646427754725,0.0008958744463328,0.0112301433355103,0.08748507752776889,0.2141947861109828
"Friday, September 11, 2026",05:01,SENTRY,Buffalo Bills,LYNX,Cincinnati Bengals,AF013110926,OK,1.0,0.8168904963744579,0.4601265414163797,2.3684395132668823,0.2593538711932342,0.1286974773106909,0.19402567425196254,0.06532819694127166,0.1944717738341874,0.15886214385823066,0.08748507752776889,0.2141947861109828,0.15083993181937586,-0.06335485429160695,0.2378215163655066,0.19427413655234496,0.001973342649664714,1.0019752909716293,16.953636715890973,15.550781295666141,32.504418011557114,1.4028554202248316,7.912946048695069,7.907684480824768,19.271378923036195,0.307981942356879,9.306096451883754,12.794098126241966,0.541616,0.045524,0.41286,0.5643779999999999,0.435622,1.7718621207772098,2.2955681760792612,0.5643779999999999,0.435622,1.7718621207772098,2.2955681760792612,-1.5,0.4949,31.0,0.49579113100182237,1.0,31.0,0.0009916763042767535,250000,0.0,Buffalo Bills,Cincinnati Bengals,0.1824554230481904,0.1276233039617869,0.0768984481450438,0.001074173348904,0.2593538711932342,0.1286974773106909,0.0865892030814361,0.2029646427754725,0.0008958744463328,0.0112301433355103,0.08748507752776889,0.2141947861109828
"Friday, September 11, 2026",05:37,KEVLAR,Washington Commanders,MEMENTO,Denver Broncos,AF015110926,OK,1.0,0.8168904963744579,0.4601265414163797,2.9815655038304274,0.1460024572701551,0.1604432686143179,0.1532228629422365,-0.007220405672081404,0.1147356092246969,0.09372642877138848,0.2543058777497657,0.069906714542478,0.16210629614612185,0.09219958160364386,0.1889161501706009,0.15432380768601378,0.08497917593156246,1.0886943954157475,17.48632285065713,17.799776310188026,35.286099160845154,-0.3134534595308942,6.793025270970626,8.166670227793276,13.423086596902913,0.24196031583554709,9.273269204965679,11.818877617412596,0.475712,0.045596,0.478692,0.49851,0.50149,2.0059778138853783,1.9940577080300703,0.49851,0.50149,2.0059778138853783,1.9940577080300703,0.0,0.49843881626648673,34.0,0.5003853325046612,0.0,34.0,0.0009999955597901422,250000,0.0,Washington Commanders,Denver Broncos,0.1728705561195726,0.1946385027297357,-0.0268680988494175,-0.0341952341154178,0.1460024572701551,0.1604432686143179,0.2769671397672032,0.0438020027637951,-0.0226612620174375,0.0261047117786829,0.2543058777497657,0.069906714542478
"Friday, September 11, 2026",06:13,KEVLAR,Washington Commanders,SENTRY,Buffalo Bills,AF017110926,OK,1.0,0.8168904963744579,0.4601265414163797,2.8963888453312,0.1460024572701551,0.1604432686143179,0.1532228629422365,-0.007220405672081404,0.1147356092246969,0.09372642877138848,0.2593538711932342,0.1286974773106909,0.19402567425196254,0.06532819694127166,0.1944717738341874,0.15886214385823066,0.05810779126919026,1.0598292298912682,16.48792444575259,17.88985663545545,34.37778108120804,-1.4019321897028583,6.478241195948304,8.2905491069309,12.720734952687106,0.23684913023883244,9.233598625776423,11.668002545109797,0.428648,0.045616,0.525736,0.45145599999999997,0.548544,2.215055287779983,1.8230078170575195,0.45145599999999997,0.548544,2.215055287779983,1.8230078170575195,1.0,0.4969528807222553,33.0,0.5053858884330943,-1.0,33.0,0.0009952758011003784,250000,0.0,Washington Commanders,Buffalo Bills,0.1728705561195726,0.1946385027297357,-0.0268680988494175,-0.0341952341154178,0.1460024572701551,0.1604432686143179,0.1824554230481904,0.1276233039617869,0.0768984481450438,0.001074173348904,0.2593538711932342,0.1286974773106909
"Friday, September 11, 2026",06:49,MEMENTO,Denver Broncos,LYNX,Cincinnati Bengals,AF019110926,OK,1.0,0.8168904963744579,0.4601265414163797,2.3684395132668823,0.2543058777497657,0.069906714542478,0.16210629614612185,0.09219958160364386,0.1889161501706009,0.15432380768601378,0.08748507752776889,0.2141947861109828,0.15083993181937586,-0.06335485429160695,0.2378215163655066,0.19427413655234496,0.02884472731203691,1.0292647653601605,16.868270514196183,16.492432580622875,33.36070309481906,0.3758379335733082,7.796110761480638,8.326767818590282,19.75447490370433,0.3043063636610132,9.518689799682324,13.023953129422482,0.498596,0.045384,0.45602,0.521288,0.47871199999999997,1.91832537867743,2.088938652049667,0.521288,0.47871199999999997,1.91832537867743,2.088938652049667,-0.5,0.498596,32.0,0.4923568379335567,0.0,32.0,0.0009990932309969875,250000,0.0,Denver Broncos,Cincinnati Bengals,0.2769671397672032,0.0438020027637951,-0.0226612620174375,0.0261047117786829,0.2543058777497657,0.069906714542478,0.0865892030814361,0.2029646427754725,0.0008958744463328,0.0112301433355103,0.08748507752776889,0.2141947861109828
"Thursday, September 10, 2026",19:35,ACE,Cincinnati Bengals,ASTRONAUT,Denver Broncos,AF072100926,STREAM_MISMATCH:1|2,,,,,,,,,,,,,,,,,,,,,,,,,,,,,,,,,,,,,,,,,,,,,,,250000,0.0,,,,,,,,,,,,,,
"Thursday, September 10, 2026",20:11,SABRE,Minnesota Vikings,LUNA,Buffalo Bills,AF074100926,STREAM_MISMATCH:2|3,,,,,,,,,,,,,,,,,,,,,,,,,,,,,,,,,,,,,,,,,,,,,,,250000,0.0,,,,,,,,,,,,,,
"Thursday, September 10, 2026",20:47,ACE,Cincinnati Bengals,SABRE,Minnesota Vikings,AF076100926,STREAM_MISMATCH:1|2,,,,,,,,,,,,,,,,,,,,,,,,,,,,,,,,,,,,,,,,,,,,,,,250000,0.0,,,,,,,,,,,,,,
"Thursday, September 10, 2026",21:23,ASTRONAUT,Denver Broncos,LUNA,Buffalo Bills,AF078100926,STREAM_MISMATCH:2|3,,,,,,,,,,,,,,,,,,,,,,,,,,,,,,,,,,,,,,,,,,,,,,,250000,0.0,,,,,,,,,,,,,,
"Thursday, September 10, 2026",21:59,ACE,Cincinnati Bengals,LUNA,Buffalo Bills,AF080100926,STREAM_MISMATCH:1|3,,,,,,,,,,,,,,,,,,,,,,,,,,,,,,,,,,,,,,,,,,,,,,,250000,0.0,,,,,,,,,,,,,,
"Thursday, September 10, 2026",22:35,ASTRONAUT,Denver Broncos,SABRE,Minnesota Vikings,AF082100926,OK,2.0,0.7911427801135581,0.3663619268494819,1.9525409540911534,0.1151441761802617,0.0042720777666143996,0.059708126973438046,0.05543604920682365,0.2371675752668753,0.18763341484942725,0.20910438371430679,-0.028965130158566096,0.09006962677787034,0.11903475693643645,0.1536963397649013,0.12159574953488202,0.1744708061432601,1.1906159832051937,18.357742106257785,19.50701995106534,37.86476205732313,-1.149277844807557,9.03279907676656,8.110308252844396,15.952873494223581,0.21776055276248105,10.745362354473837,13.389335536382598,0.424184,0.039664,0.536152,0.444016,0.5559839999999999,2.252171092933588,1.798612909724021,0.444016,0.5559839999999999,2.252171092933588,1.798612909724021,1.5,0.503364,36.5,0.495364,-1.0,36.0,0.000993711812839115,250000,0.0,Denver Broncos,Minnesota Vikings,0.1378054381976992,-0.0218326340120685,-0.0226612620174375,0.0261047117786829,0.1151441761802617,0.0042720777666143996,0.2665222560455365,-0.0538786963047433,-0.0574178723312297,0.0249135661461772,0.20910438371430679,-0.028965130158566096
"Thursday, September 10, 2026",23:11,ASTRONAUT,Denver Broncos,ACE,Cincinnati Bengals,AF084100926,STREAM_MISMATCH:2|1,,,,,,,,,,,,,,,,,,,,,,,,,,,,,,,,,,,,,,,,,,,,,,,250000,0.0,,,,,,,,,,,,,,
"Thursday, September 10, 2026",23:47,SABRE,Minnesota Vikings,ACE,Cincinnati Bengals,AF086100926,STREAM_MISMATCH:2|1,,,,,,,,,,,,,,,,,,,,,,,,,,,,,,,,,,,,,,,,,,,,,,,250000,0.0,,,,,,,,,,,,,,
"Friday, September 11, 2026",00:23,LUNA,Buffalo Bills,ASTRONAUT,Denver Broncos,AF088100926,STREAM_MISMATCH:3|2,,,,,,,,,,,,,,,,,,,,,,,,,,,,,,,,,,,,,,,,,,,,,,,250000,0.0,,,,,,,,,,,,,,
"Friday, September 11, 2026",00:59,LUNA,Buffalo Bills,ACE,Cincinnati Bengals,AF090100926,STREAM_MISMATCH:3|1,,,,,,,,,,,,,,,,,,,,,,,,,,,,,,,,,,,,,,,,,,,,,,,250000,0.0,,,,,,,,,,,,,,
"Friday, September 11, 2026",01:35,SABRE,Kansas City Chiefs,ASTRONAUT,Detroit Lions,AF002110926,OK,2.0,0.7911427801135581,0.3663619268494819,1.9525409540911534,0.25207785041008246,-0.0634967180920543,0.09429056615901407,0.1577872842510684,0.1536963397649013,0.12159574953488202,0.1862948492917333,-0.0606525117864784,0.06282116875262744,0.12347368053910585,0.2371675752668753,0.18763341484942725,0.28126096479017426,1.3247992847954086,21.72953629233694,20.404055083775745,42.13359137611269,1.3254812085611967,8.896276492561968,9.925755566047787,19.75129950049768,0.22367828612602986,11.75422307037109,14.736585696491392,0.538256,0.035444,0.4263,0.555978,0.44402200000000003,1.7986323199838843,2.2521406596970417,0.555978,0.44402200000000003,1.7986323199838843,2.2521406596970417,-1.5,0.501212,40.5,0.49962,2.0,40.0,0.000993713164884113,250000,0.0,Kansas City Chiefs,Detroit Lions,0.2665222560455365,-0.0538786963047433,-0.014444405635454,-0.009618021787311,0.25207785041008246,-0.0634967180920543,0.1378054381976992,-0.0218326340120685,0.0484894110940341,-0.0388198777744099,0.1862948492917333,-0.0606525117864784
"Friday, September 11, 2026",02:11,LUNA,Philadelphia Eagles,SABRE,Kansas City Chiefs,AF004110926,STREAM_MISMATCH:3|2,,,,,,,,,,,,,,,,,,,,,,,,,,,,,,,,,,,,,,,,,,,,,,,250000,0.0,,,,,,,,,,,,,,
"Friday, September 11, 2026",02:47,ACE,Baltimore Ravens,ASTRONAUT,Detroit Lions,AF006110926,STREAM_MISMATCH:1|2,,,,,,,,,,,,,,,,,,,,,,,,,,,,,,,,,,,,,,,,,,,,,,,250000,0.0,,,,,,,,,,,,,,
"Friday, September 11, 2026",03:23,SABRE,Kansas City Chiefs,LUNA,Philadelphia Eagles,AF008110926,STREAM_MISMATCH:2|3,,,,,,,,,,,,,,,,,,,,,,,,,,,,,,,,,,,,,,,,,,,,,,,250000,0.0,,,,,,,,,,,,,,
"Friday, September 11, 2026",03:59,ACE,Baltimore Ravens,SABRE,Kansas City Chiefs,AF010110926,STREAM_MISMATCH:1|2,,,,,,,,,,,,,,,,,,,,,,,,,,,,,,,,,,,,,,,,,,,,,,,250000,0.0,,,,,,,,,,,,,,
"Friday, September 11, 2026",04:35,ASTRONAUT,Detroit Lions,LUNA,Philadelphia Eagles,AF012110926,STREAM_MISMATCH:2|3,,,,,,,,,,,,,,,,,,,,,,,,,,,,,,,,,,,,,,,,,,,,,,,250000,0.0,,,,,,,,,,,,,,
"Friday, September 11, 2026",05:11,ACE,Baltimore Ravens,LUNA,Philadelphia Eagles,AF014110926,STREAM_MISMATCH:1|3,,,,,,,,,,,,,,,,,,,,,,,,,,,,,,,,,,,,,,,,,,,,,,,250000,0.0,,,,,,,,,,,,,,
"Friday, September 11, 2026",05:47,ASTRONAUT,Detroit Lions,SABRE,Kansas City Chiefs,AF016110926,OK,2.0,0.7911427801135581,0.3663619268494819,1.9525409540911534,0.1862948492917333,-0.0606525117864784,0.06282116875262744,0.12347368053910585,0.2371675752668753,0.18763341484942725,0.25207785041008246,-0.0634967180920543,0.09429056615901407,0.1577872842510684,0.1536963397649013,0.12159574953488202,0.28126096479017426,1.3247992847954086,20.404055083775745,21.72953629233694,42.13359137611269,-1.3254812085611967,9.925755566047787,8.896276492561968,19.75129950049768,0.22367828612602986,11.75422307037109,14.736585696491392,0.426484,0.036492,0.537024,0.44472999999999996,0.5552699999999999,2.248555303217683,1.80092567579736,0.44472999999999996,0.5552699999999999,2.248555303217683,1.80092567579736,1.5,0.498944,40.5,0.501536,-2.0,41.0,0.000993871676022614,250000,0.0,Detroit Lions,Kansas City Chiefs,0.1378054381976992,-0.0218326340120685,0.0484894110940341,-0.0388198777744099,0.1862948492917333,-0.0606525117864784,0.2665222560455365,-0.0538786963047433,-0.014444405635454,-0.009618021787311,0.25207785041008246,-0.0634967180920543
"Friday, September 11, 2026",06:23,ASTRONAUT,Detroit Lions,ACE,Baltimore Ravens,AF018110926,STREAM_MISMATCH:2|1,,,,,,,,,,,,,,,,,,,,,,,,,,,,,,,,,,,,,,,,,,,,,,,250000,0.0,,,,,,,,,,,,,,
"Friday, September 11, 2026",06:59,SABRE,Kansas City Chiefs,LUNA,Philadelphia Eagles,AF020110926,STREAM_MISMATCH:2|3,,,,,,,,,,,,,,,,,,,,,,,,,,,,,,,,,,,,,,,,,,,,,,,250000,0.0,,,,,,,,,,,,,,
